<RepositoryEntryProperties>
  <key>267255810</key>
  <Softkey>test6_6_106435079459437</Softkey>
  <ResourceName>-</ResourceName>
  <DisplayName>RE-Demo - Marketing</DisplayName>
  <Description>&lt;p&gt;Herzlich Willkommen im Modul Marketing&lt;/p&gt;&#xd;
&lt;p&gt; &lt;/p&gt;</Description>
  <teaser></teaser>
  <InitialAuthor>reberle</InitialAuthor>
  <authors>frentix</authors>
  <objectives></objectives>
  <requirements></requirements>
  <credits></credits>
  <expenditureOfWork></expenditureOfWork>
  <imageName>267255810.png</imageName>
  <licenseTypeKey>1</licenseTypeKey>
  <licenseTypeName>no.license</licenseTypeName>
  <licenseText></licenseText>
</RepositoryEntryProperties>