<?xml version="1.0" encoding="UTF-8"?>
<org.olat.course.Structure>
  <rootNode class="org.olat.course.nodes.STCourseNode">
    <ident>103410856128313</ident>
    <children>
      <org.olat.course.nodes.SPCourseNode>
        <ident>104473264561340</ident>
        <parent class="org.olat.course.nodes.STCourseNode" reference="../../.."/>
        <type>sp</type>
        <shortTitle>Tastenkombinationen</shortTitle>
        <longTitle></longTitle>
        <learningObjectives></learningObjectives>
        <displayOption>content</displayOption>
        <moduleConfiguration>
          <config>
            <entry>
              <string>lp.configversion</string>
              <int>2</int>
            </entry>
            <entry>
              <string>startpage</string>
              <string>false</string>
            </entry>
            <entry>
              <string>file</string>
              <string>/einzelne_seite2/einzelne_seite2.html</string>
            </entry>
            <entry>
              <string>fully.assessed.trigger</string>
              <string>confirmed</string>
            </entry>
            <entry>
              <string>obligation</string>
              <string>mandatory</string>
            </entry>
            <entry>
              <string>lp.rel.dates</string>
              <string>false</string>
            </entry>
            <entry>
              <string>allowRelativeLinks</string>
              <string>false</string>
            </entry>
            <entry>
              <string>deliveryOptions</string>
              <org.olat.core.gui.control.generic.iframe.DeliveryOptions>
                <standardMode>false</standardMode>
                <jQueryEnabled>true</jQueryEnabled>
                <glossaryEnabled>true</glossaryEnabled>
                <openolatCss>true</openolatCss>
              </org.olat.core.gui.control.generic.iframe.DeliveryOptions>
            </entry>
            <entry>
              <string>configversion</string>
              <int>4</int>
            </entry>
          </config>
        </moduleConfiguration>
        <noAccessExplanation>Dieses Kurselement ist nicht zugänglich.</noAccessExplanation>
        <preConditionVisibility>
          <expertMode>false</expertMode>
          <easyModeCoachesAndAdmins>false</easyModeCoachesAndAdmins>
          <easyModeAlwaysAllowCoachesAndAdmins>false</easyModeAlwaysAllowCoachesAndAdmins>
          <assessmentMode>false</assessmentMode>
          <assessmentModeViewResults>false</assessmentModeViewResults>
        </preConditionVisibility>
        <additionalConditions/>
        <preConditionAccess>
          <expertMode>false</expertMode>
          <easyModeCoachesAndAdmins>false</easyModeCoachesAndAdmins>
          <easyModeAlwaysAllowCoachesAndAdmins>false</easyModeAlwaysAllowCoachesAndAdmins>
          <assessmentMode>false</assessmentMode>
          <assessmentModeViewResults>false</assessmentModeViewResults>
        </preConditionAccess>
      </org.olat.course.nodes.SPCourseNode>
      <org.olat.course.nodes.TUCourseNode>
        <ident>104473264561394</ident>
        <parent class="org.olat.course.nodes.STCourseNode" reference="../../.."/>
        <type>tu</type>
        <shortTitle>Memorie</shortTitle>
        <longTitle></longTitle>
        <learningObjectives></learningObjectives>
        <displayOption>content</displayOption>
        <moduleConfiguration>
          <config>
            <entry>
              <string>iniframe</string>
              <string>true</string>
            </entry>
            <entry>
              <string>pass</string>
              <string></string>
            </entry>
            <entry>
              <string>query</string>
              <null/>
            </entry>
            <entry>
              <string>extern</string>
              <string>false</string>
            </entry>
            <entry>
              <string>uri</string>
              <string>/view2173927</string>
            </entry>
            <entry>
              <string>configversion</string>
              <int>2</int>
            </entry>
            <entry>
              <string>lp.configversion</string>
              <int>2</int>
            </entry>
            <entry>
              <string>ref</string>
              <null/>
            </entry>
            <entry>
              <string>startpage</string>
              <string>false</string>
            </entry>
            <entry>
              <string>useframetunnel</string>
              <string>true</string>
            </entry>
            <entry>
              <string>fully.assessed.trigger</string>
              <string>confirmed</string>
            </entry>
            <entry>
              <string>port</string>
              <int>443</int>
            </entry>
            <entry>
              <string>obligation</string>
              <string>mandatory</string>
            </entry>
            <entry>
              <string>proto</string>
              <string>https</string>
            </entry>
            <entry>
              <string>lp.rel.dates</string>
              <string>false</string>
            </entry>
            <entry>
              <string>host</string>
              <string>learningapps.org</string>
            </entry>
            <entry>
              <string>user</string>
              <null/>
            </entry>
          </config>
        </moduleConfiguration>
        <noAccessExplanation>Dieses Kurselement ist nicht zugänglich.</noAccessExplanation>
        <preConditionVisibility>
          <expertMode>false</expertMode>
          <easyModeCoachesAndAdmins>false</easyModeCoachesAndAdmins>
          <easyModeAlwaysAllowCoachesAndAdmins>false</easyModeAlwaysAllowCoachesAndAdmins>
          <assessmentMode>false</assessmentMode>
          <assessmentModeViewResults>false</assessmentModeViewResults>
        </preConditionVisibility>
        <additionalConditions/>
        <preConditionAccess>
          <expertMode>false</expertMode>
          <easyModeCoachesAndAdmins>false</easyModeCoachesAndAdmins>
          <easyModeAlwaysAllowCoachesAndAdmins>false</easyModeAlwaysAllowCoachesAndAdmins>
          <assessmentMode>false</assessmentMode>
          <assessmentModeViewResults>false</assessmentModeViewResults>
        </preConditionAccess>
      </org.olat.course.nodes.TUCourseNode>
      <org.olat.course.nodes.STCourseNode>
        <ident>103410856129111</ident>
        <parent class="org.olat.course.nodes.STCourseNode" reference="../../.."/>
        <children>
          <org.olat.course.nodes.SPCourseNode>
            <ident>103410856129163</ident>
            <parent class="org.olat.course.nodes.STCourseNode" reference="../../.."/>
            <type>sp</type>
            <shortTitle>Zusammenfassung</shortTitle>
            <longTitle></longTitle>
            <learningObjectives></learningObjectives>
            <displayOption>content</displayOption>
            <moduleConfiguration>
              <config>
                <entry>
                  <string>lp.configversion</string>
                  <int>2</int>
                </entry>
                <entry>
                  <string>startpage</string>
                  <string>false</string>
                </entry>
                <entry>
                  <string>file</string>
                  <string>/zusammenfassung/zusammenfassung.html</string>
                </entry>
                <entry>
                  <string>fully.assessed.trigger</string>
                  <string>confirmed</string>
                </entry>
                <entry>
                  <string>obligation</string>
                  <string>mandatory</string>
                </entry>
                <entry>
                  <string>lp.rel.dates</string>
                  <string>false</string>
                </entry>
                <entry>
                  <string>allowRelativeLinks</string>
                  <string>false</string>
                </entry>
                <entry>
                  <string>deliveryOptions</string>
                  <org.olat.core.gui.control.generic.iframe.DeliveryOptions>
                    <standardMode>false</standardMode>
                    <jQueryEnabled>true</jQueryEnabled>
                    <glossaryEnabled>true</glossaryEnabled>
                    <openolatCss>true</openolatCss>
                  </org.olat.core.gui.control.generic.iframe.DeliveryOptions>
                </entry>
                <entry>
                  <string>configversion</string>
                  <int>4</int>
                </entry>
              </config>
            </moduleConfiguration>
            <noAccessExplanation>Dieses Kurselement ist nicht zugänglich.</noAccessExplanation>
            <preConditionVisibility>
              <expertMode>false</expertMode>
              <easyModeCoachesAndAdmins>false</easyModeCoachesAndAdmins>
              <easyModeAlwaysAllowCoachesAndAdmins>false</easyModeAlwaysAllowCoachesAndAdmins>
              <assessmentMode>false</assessmentMode>
              <assessmentModeViewResults>false</assessmentModeViewResults>
            </preConditionVisibility>
            <additionalConditions/>
            <preConditionAccess>
              <expertMode>false</expertMode>
              <easyModeCoachesAndAdmins>false</easyModeCoachesAndAdmins>
              <easyModeAlwaysAllowCoachesAndAdmins>false</easyModeAlwaysAllowCoachesAndAdmins>
              <assessmentMode>false</assessmentMode>
              <assessmentModeViewResults>false</assessmentModeViewResults>
            </preConditionAccess>
          </org.olat.course.nodes.SPCourseNode>
        </children>
        <type>st</type>
        <shortTitle>1. Genesys Telefonanlage</shortTitle>
        <longTitle>Teil 1 der Standardschulung, Dauer ca 10 Minuten</longTitle>
        <description>&lt;p&gt;In diesem Kurs erhältst du Einblick in unsere Telefonanlage Genesys, welche dich täglich bei deiner Arbeit unterstützt. Am Ende dieses Moduls findest du deinen ersten Wissenstest, mit dem du kontrollieren kannst, wie gut du die Inhalte verstanden und behalten hast.&lt;/p&gt;</description>
        <objectives></objectives>
        <instruction></instruction>
        <instructionalDesign></instructionalDesign>
        <displayOption>title+desc+content</displayOption>
        <moduleConfiguration>
          <config>
            <entry>
              <string>columns</string>
              <int>2</int>
            </entry>
            <entry>
              <string>display</string>
              <string>delegate</string>
            </entry>
            <entry>
              <string>coach.user.visibility</string>
              <string>true</string>
            </entry>
            <entry>
              <string>score.calculator.supported</string>
              <string>false</string>
            </entry>
            <entry>
              <string>peekview.filter</string>
              <string>all</string>
            </entry>
            <entry>
              <string>coach.user.grade.apply</string>
              <string>true</string>
            </entry>
            <entry>
              <string>allowRelativeLinks</string>
              <string>false</string>
            </entry>
            <entry>
              <string>deliveryOptions</string>
              <org.olat.core.gui.control.generic.iframe.DeliveryOptions>
                <standardMode>false</standardMode>
                <jQueryEnabled>true</jQueryEnabled>
                <glossaryEnabled>true</glossaryEnabled>
                <openolatCss>true</openolatCss>
              </org.olat.core.gui.control.generic.iframe.DeliveryOptions>
            </entry>
            <entry>
              <string>configversion</string>
              <int>8</int>
            </entry>
            <entry>
              <string>learning.path.sequence</string>
              <string>learning.path.sequence.sequential</string>
            </entry>
            <entry>
              <string>children.filter</string>
              <string>all</string>
            </entry>
            <entry>
              <string>lp.st.configversion</string>
              <int>1</int>
            </entry>
            <entry>
              <string>lp.obligation</string>
              <string>evaluated</string>
            </entry>
          </config>
        </moduleConfiguration>
        <noAccessExplanation>Dieses Kurselement ist nicht zugänglich.</noAccessExplanation>
        <preConditionVisibility>
          <expertMode>false</expertMode>
          <easyModeCoachesAndAdmins>false</easyModeCoachesAndAdmins>
          <easyModeAlwaysAllowCoachesAndAdmins>false</easyModeAlwaysAllowCoachesAndAdmins>
          <assessmentMode>false</assessmentMode>
          <assessmentModeViewResults>false</assessmentModeViewResults>
        </preConditionVisibility>
        <additionalConditions/>
        <preConditionAccess>
          <expertMode>false</expertMode>
          <easyModeCoachesAndAdmins>false</easyModeCoachesAndAdmins>
          <easyModeAlwaysAllowCoachesAndAdmins>false</easyModeAlwaysAllowCoachesAndAdmins>
          <assessmentMode>false</assessmentMode>
          <assessmentModeViewResults>false</assessmentModeViewResults>
        </preConditionAccess>
        <scoreCalculator>
          <expertMode>false</expertMode>
          <passedCutValue>0</passedCutValue>
          <failedType>failedAsNotPassedAfterEndDate</failedType>
        </scoreCalculator>
      </org.olat.course.nodes.STCourseNode>
      <org.olat.course.nodes.STCourseNode>
        <ident>103449822413801</ident>
        <parent class="org.olat.course.nodes.STCourseNode" reference="../../.."/>
        <children>
          <org.olat.course.nodes.SPCourseNode>
            <ident>103449822414203</ident>
            <parent class="org.olat.course.nodes.STCourseNode" reference="../../.."/>
            <type>sp</type>
            <shortTitle>Zusammenfassung</shortTitle>
            <longTitle></longTitle>
            <learningObjectives></learningObjectives>
            <displayOption>content</displayOption>
            <moduleConfiguration>
              <config>
                <entry>
                  <string>lp.configversion</string>
                  <int>2</int>
                </entry>
                <entry>
                  <string>startpage</string>
                  <string>false</string>
                </entry>
                <entry>
                  <string>file</string>
                  <string>/zusammenfassung2/zusammenfassung2.html</string>
                </entry>
                <entry>
                  <string>fully.assessed.trigger</string>
                  <string>confirmed</string>
                </entry>
                <entry>
                  <string>obligation</string>
                  <string>mandatory</string>
                </entry>
                <entry>
                  <string>lp.rel.dates</string>
                  <string>false</string>
                </entry>
                <entry>
                  <string>allowRelativeLinks</string>
                  <string>false</string>
                </entry>
                <entry>
                  <string>deliveryOptions</string>
                  <org.olat.core.gui.control.generic.iframe.DeliveryOptions>
                    <standardMode>false</standardMode>
                    <jQueryEnabled>true</jQueryEnabled>
                    <glossaryEnabled>true</glossaryEnabled>
                    <openolatCss>true</openolatCss>
                  </org.olat.core.gui.control.generic.iframe.DeliveryOptions>
                </entry>
                <entry>
                  <string>configversion</string>
                  <int>4</int>
                </entry>
              </config>
            </moduleConfiguration>
            <noAccessExplanation>Dieses Kurselement ist nicht zugänglich.</noAccessExplanation>
            <preConditionVisibility>
              <expertMode>false</expertMode>
              <easyModeCoachesAndAdmins>false</easyModeCoachesAndAdmins>
              <easyModeAlwaysAllowCoachesAndAdmins>false</easyModeAlwaysAllowCoachesAndAdmins>
              <assessmentMode>false</assessmentMode>
              <assessmentModeViewResults>false</assessmentModeViewResults>
            </preConditionVisibility>
            <additionalConditions/>
            <preConditionAccess>
              <expertMode>false</expertMode>
              <easyModeCoachesAndAdmins>false</easyModeCoachesAndAdmins>
              <easyModeAlwaysAllowCoachesAndAdmins>false</easyModeAlwaysAllowCoachesAndAdmins>
              <assessmentMode>false</assessmentMode>
              <assessmentModeViewResults>false</assessmentModeViewResults>
            </preConditionAccess>
          </org.olat.course.nodes.SPCourseNode>
        </children>
        <type>st</type>
        <shortTitle>2. Gesprächsführung</shortTitle>
        <longTitle>Teil 2 der Standardschulung, Dauer ca. 15 Minuten</longTitle>
        <description>&lt;p&gt;In diesem Kurs erhältst du einen Einblick in das Thema Gesprächfsführung. Du wirst lernen, an welche Regeln wir uns halten, damit den Anrufern bestmöglich geholfen wird und unsere Auftraggeber mit unserem Service zufrieden sind. Zum Abschluss kannst du dein Wissen wieder in einem Wissenstest auf die Probe stellen.&lt;/p&gt;</description>
        <objectives></objectives>
        <instruction></instruction>
        <instructionalDesign></instructionalDesign>
        <displayOption>title+desc+content</displayOption>
        <moduleConfiguration>
          <config>
            <entry>
              <string>columns</string>
              <int>2</int>
            </entry>
            <entry>
              <string>display</string>
              <string>delegate</string>
            </entry>
            <entry>
              <string>coach.user.visibility</string>
              <string>true</string>
            </entry>
            <entry>
              <string>score.calculator.supported</string>
              <string>false</string>
            </entry>
            <entry>
              <string>peekview.filter</string>
              <string>all</string>
            </entry>
            <entry>
              <string>coach.user.grade.apply</string>
              <string>true</string>
            </entry>
            <entry>
              <string>allowRelativeLinks</string>
              <string>false</string>
            </entry>
            <entry>
              <string>deliveryOptions</string>
              <org.olat.core.gui.control.generic.iframe.DeliveryOptions>
                <standardMode>false</standardMode>
                <jQueryEnabled>true</jQueryEnabled>
                <glossaryEnabled>true</glossaryEnabled>
                <openolatCss>true</openolatCss>
              </org.olat.core.gui.control.generic.iframe.DeliveryOptions>
            </entry>
            <entry>
              <string>configversion</string>
              <int>8</int>
            </entry>
            <entry>
              <string>learning.path.sequence</string>
              <string>learning.path.sequence.sequential</string>
            </entry>
            <entry>
              <string>children.filter</string>
              <string>all</string>
            </entry>
            <entry>
              <string>lp.st.configversion</string>
              <int>1</int>
            </entry>
            <entry>
              <string>lp.obligation</string>
              <string>evaluated</string>
            </entry>
          </config>
        </moduleConfiguration>
        <noAccessExplanation>Dieses Kurselement ist nicht zugänglich.</noAccessExplanation>
        <preConditionVisibility>
          <expertMode>false</expertMode>
          <easyModeCoachesAndAdmins>false</easyModeCoachesAndAdmins>
          <easyModeAlwaysAllowCoachesAndAdmins>false</easyModeAlwaysAllowCoachesAndAdmins>
          <assessmentMode>false</assessmentMode>
          <assessmentModeViewResults>false</assessmentModeViewResults>
        </preConditionVisibility>
        <additionalConditions/>
        <preConditionAccess>
          <expertMode>false</expertMode>
          <easyModeCoachesAndAdmins>false</easyModeCoachesAndAdmins>
          <easyModeAlwaysAllowCoachesAndAdmins>false</easyModeAlwaysAllowCoachesAndAdmins>
          <assessmentMode>false</assessmentMode>
          <assessmentModeViewResults>false</assessmentModeViewResults>
        </preConditionAccess>
        <scoreCalculator>
          <expertMode>false</expertMode>
          <passedCutValue>0</passedCutValue>
          <failedType>failedAsNotPassedAfterEndDate</failedType>
        </scoreCalculator>
      </org.olat.course.nodes.STCourseNode>
      <org.olat.course.nodes.STCourseNode>
        <ident>103449822414475</ident>
        <parent class="org.olat.course.nodes.STCourseNode" reference="../../.."/>
        <children>
          <org.olat.course.nodes.SPCourseNode>
            <ident>103449822414677</ident>
            <parent class="org.olat.course.nodes.STCourseNode" reference="../../.."/>
            <type>sp</type>
            <shortTitle>Zsfg.Formulierungshilfen</shortTitle>
            <longTitle>Formulierungshilfen</longTitle>
            <learningObjectives></learningObjectives>
            <displayOption>content</displayOption>
            <moduleConfiguration>
              <config>
                <entry>
                  <string>lp.configversion</string>
                  <int>2</int>
                </entry>
                <entry>
                  <string>startpage</string>
                  <string>false</string>
                </entry>
                <entry>
                  <string>file</string>
                  <string>/formulierungshilfen/formulierungshilfen.html</string>
                </entry>
                <entry>
                  <string>fully.assessed.trigger</string>
                  <string>confirmed</string>
                </entry>
                <entry>
                  <string>obligation</string>
                  <string>mandatory</string>
                </entry>
                <entry>
                  <string>lp.rel.dates</string>
                  <string>false</string>
                </entry>
                <entry>
                  <string>allowRelativeLinks</string>
                  <string>false</string>
                </entry>
                <entry>
                  <string>deliveryOptions</string>
                  <org.olat.core.gui.control.generic.iframe.DeliveryOptions>
                    <standardMode>false</standardMode>
                    <jQueryEnabled>true</jQueryEnabled>
                    <glossaryEnabled>true</glossaryEnabled>
                    <openolatCss>true</openolatCss>
                  </org.olat.core.gui.control.generic.iframe.DeliveryOptions>
                </entry>
                <entry>
                  <string>configversion</string>
                  <int>4</int>
                </entry>
              </config>
            </moduleConfiguration>
            <noAccessExplanation>Dieses Kurselement ist nicht zugänglich.</noAccessExplanation>
            <preConditionVisibility>
              <expertMode>false</expertMode>
              <easyModeCoachesAndAdmins>false</easyModeCoachesAndAdmins>
              <easyModeAlwaysAllowCoachesAndAdmins>false</easyModeAlwaysAllowCoachesAndAdmins>
              <assessmentMode>false</assessmentMode>
              <assessmentModeViewResults>false</assessmentModeViewResults>
            </preConditionVisibility>
            <additionalConditions/>
            <preConditionAccess>
              <expertMode>false</expertMode>
              <easyModeCoachesAndAdmins>false</easyModeCoachesAndAdmins>
              <easyModeAlwaysAllowCoachesAndAdmins>false</easyModeAlwaysAllowCoachesAndAdmins>
              <assessmentMode>false</assessmentMode>
              <assessmentModeViewResults>false</assessmentModeViewResults>
            </preConditionAccess>
          </org.olat.course.nodes.SPCourseNode>
          <org.olat.course.nodes.SPCourseNode>
            <ident>103449822414691</ident>
            <parent class="org.olat.course.nodes.STCourseNode" reference="../../.."/>
            <type>sp</type>
            <shortTitle>Zsfg. Verabschiedung</shortTitle>
            <longTitle></longTitle>
            <learningObjectives></learningObjectives>
            <displayOption>content</displayOption>
            <moduleConfiguration>
              <config>
                <entry>
                  <string>lp.configversion</string>
                  <int>2</int>
                </entry>
                <entry>
                  <string>startpage</string>
                  <string>false</string>
                </entry>
                <entry>
                  <string>file</string>
                  <string>/verabschiedung/verabschiedung.html</string>
                </entry>
                <entry>
                  <string>fully.assessed.trigger</string>
                  <string>confirmed</string>
                </entry>
                <entry>
                  <string>obligation</string>
                  <string>mandatory</string>
                </entry>
                <entry>
                  <string>lp.rel.dates</string>
                  <string>false</string>
                </entry>
                <entry>
                  <string>allowRelativeLinks</string>
                  <string>false</string>
                </entry>
                <entry>
                  <string>deliveryOptions</string>
                  <org.olat.core.gui.control.generic.iframe.DeliveryOptions>
                    <standardMode>false</standardMode>
                    <jQueryEnabled>true</jQueryEnabled>
                    <glossaryEnabled>true</glossaryEnabled>
                    <openolatCss>true</openolatCss>
                  </org.olat.core.gui.control.generic.iframe.DeliveryOptions>
                </entry>
                <entry>
                  <string>configversion</string>
                  <int>4</int>
                </entry>
              </config>
            </moduleConfiguration>
            <noAccessExplanation>Dieses Kurselement ist nicht zugänglich.</noAccessExplanation>
            <preConditionVisibility>
              <expertMode>false</expertMode>
              <easyModeCoachesAndAdmins>false</easyModeCoachesAndAdmins>
              <easyModeAlwaysAllowCoachesAndAdmins>false</easyModeAlwaysAllowCoachesAndAdmins>
              <assessmentMode>false</assessmentMode>
              <assessmentModeViewResults>false</assessmentModeViewResults>
            </preConditionVisibility>
            <additionalConditions/>
            <preConditionAccess>
              <expertMode>false</expertMode>
              <easyModeCoachesAndAdmins>false</easyModeCoachesAndAdmins>
              <easyModeAlwaysAllowCoachesAndAdmins>false</easyModeAlwaysAllowCoachesAndAdmins>
              <assessmentMode>false</assessmentMode>
              <assessmentModeViewResults>false</assessmentModeViewResults>
            </preConditionAccess>
          </org.olat.course.nodes.SPCourseNode>
          <org.olat.course.nodes.SPCourseNode>
            <ident>103449822414520</ident>
            <parent class="org.olat.course.nodes.STCourseNode" reference="../../.."/>
            <type>sp</type>
            <shortTitle>Rollentausch</shortTitle>
            <longTitle></longTitle>
            <learningObjectives></learningObjectives>
            <displayOption>content</displayOption>
            <moduleConfiguration>
              <config>
                <entry>
                  <string>lp.configversion</string>
                  <int>2</int>
                </entry>
                <entry>
                  <string>startpage</string>
                  <string>false</string>
                </entry>
                <entry>
                  <string>file</string>
                  <string>/einzelne_seite/einzelne_seite.html</string>
                </entry>
                <entry>
                  <string>fully.assessed.trigger</string>
                  <string>confirmed</string>
                </entry>
                <entry>
                  <string>obligation</string>
                  <string>mandatory</string>
                </entry>
                <entry>
                  <string>lp.rel.dates</string>
                  <string>false</string>
                </entry>
                <entry>
                  <string>allowRelativeLinks</string>
                  <string>false</string>
                </entry>
                <entry>
                  <string>deliveryOptions</string>
                  <org.olat.core.gui.control.generic.iframe.DeliveryOptions>
                    <standardMode>false</standardMode>
                    <jQueryEnabled>true</jQueryEnabled>
                    <glossaryEnabled>true</glossaryEnabled>
                    <openolatCss>true</openolatCss>
                  </org.olat.core.gui.control.generic.iframe.DeliveryOptions>
                </entry>
                <entry>
                  <string>configversion</string>
                  <int>4</int>
                </entry>
              </config>
            </moduleConfiguration>
            <noAccessExplanation>Dieses Kurselement ist nicht zugänglich.</noAccessExplanation>
            <preConditionVisibility>
              <expertMode>false</expertMode>
              <easyModeCoachesAndAdmins>false</easyModeCoachesAndAdmins>
              <easyModeAlwaysAllowCoachesAndAdmins>false</easyModeAlwaysAllowCoachesAndAdmins>
              <assessmentMode>false</assessmentMode>
              <assessmentModeViewResults>false</assessmentModeViewResults>
            </preConditionVisibility>
            <additionalConditions/>
            <preConditionAccess>
              <expertMode>false</expertMode>
              <easyModeCoachesAndAdmins>false</easyModeCoachesAndAdmins>
              <easyModeAlwaysAllowCoachesAndAdmins>false</easyModeAlwaysAllowCoachesAndAdmins>
              <assessmentMode>false</assessmentMode>
              <assessmentModeViewResults>false</assessmentModeViewResults>
            </preConditionAccess>
          </org.olat.course.nodes.SPCourseNode>
        </children>
        <type>st</type>
        <shortTitle>3.Service/Gesprächsqualit</shortTitle>
        <longTitle>Teil 3 der BSC Standardschulung, Dauer ca. 20 MInuten</longTitle>
        <learningObjectives>&lt;p&gt;In diesem Kurs erhältst du einen Einblick in das Thema Service und Gesprächsqualität. Dies ist besonders wichtig bei uns, um die Vorgaben der Auftraggeber zu erfüllen und die Kunden zu begeistern. Auch am Ende dieses Moduls gibt es einen kleinen Wissenstest.&lt;/p&gt;</learningObjectives>
        <displayOption>title+desc+content</displayOption>
        <moduleConfiguration>
          <config>
            <entry>
              <string>columns</string>
              <int>2</int>
            </entry>
            <entry>
              <string>display</string>
              <string>delegate</string>
            </entry>
            <entry>
              <string>coach.user.visibility</string>
              <string>true</string>
            </entry>
            <entry>
              <string>score.calculator.supported</string>
              <string>false</string>
            </entry>
            <entry>
              <string>peekview.filter</string>
              <string>all</string>
            </entry>
            <entry>
              <string>coach.user.grade.apply</string>
              <string>true</string>
            </entry>
            <entry>
              <string>allowRelativeLinks</string>
              <string>false</string>
            </entry>
            <entry>
              <string>deliveryOptions</string>
              <org.olat.core.gui.control.generic.iframe.DeliveryOptions>
                <standardMode>false</standardMode>
                <jQueryEnabled>true</jQueryEnabled>
                <glossaryEnabled>true</glossaryEnabled>
                <openolatCss>true</openolatCss>
              </org.olat.core.gui.control.generic.iframe.DeliveryOptions>
            </entry>
            <entry>
              <string>configversion</string>
              <int>8</int>
            </entry>
            <entry>
              <string>learning.path.sequence</string>
              <string>learning.path.sequence.without</string>
            </entry>
            <entry>
              <string>children.filter</string>
              <string>all</string>
            </entry>
            <entry>
              <string>lp.st.configversion</string>
              <int>1</int>
            </entry>
            <entry>
              <string>lp.obligation</string>
              <string>evaluated</string>
            </entry>
          </config>
        </moduleConfiguration>
        <noAccessExplanation>Dieses Kurselement ist nicht zugänglich.</noAccessExplanation>
        <preConditionVisibility>
          <expertMode>false</expertMode>
          <easyModeCoachesAndAdmins>false</easyModeCoachesAndAdmins>
          <easyModeAlwaysAllowCoachesAndAdmins>false</easyModeAlwaysAllowCoachesAndAdmins>
          <assessmentMode>false</assessmentMode>
          <assessmentModeViewResults>false</assessmentModeViewResults>
        </preConditionVisibility>
        <additionalConditions/>
        <preConditionAccess>
          <expertMode>false</expertMode>
          <easyModeCoachesAndAdmins>false</easyModeCoachesAndAdmins>
          <easyModeAlwaysAllowCoachesAndAdmins>false</easyModeAlwaysAllowCoachesAndAdmins>
          <assessmentMode>false</assessmentMode>
          <assessmentModeViewResults>false</assessmentModeViewResults>
        </preConditionAccess>
        <scoreCalculator>
          <expertMode>false</expertMode>
          <passedCutValue>0</passedCutValue>
          <failedType>failedAsNotPassedAfterEndDate</failedType>
        </scoreCalculator>
      </org.olat.course.nodes.STCourseNode>
    </children>
    <type>st</type>
    <shortTitle>Basisschulung</shortTitle>
    <longTitle>import-3a30baf8-22ae-41f6-b0c0-27a31f835af8</longTitle>
    <description>&lt;p&gt;&lt;span style=&quot;font-family:&amp;#39;arial&amp;#39; , &amp;#39;helvetica&amp;#39; , sans-serif;font-size:12pt&quot;&gt;Hallo und herzlich willkommen zu deinem ersten E-Learning-Kurs in deinem Projekt!&lt;/span&gt;&lt;/p&gt;&#xd;
&lt;p&gt;&lt;span style=&quot;font-family:&amp;#39;arial&amp;#39; , &amp;#39;helvetica&amp;#39; , sans-serif;font-size:12pt&quot;&gt;Hier kommen noch einige Informationen zum Kursaufbau und -ablauf:&lt;/span&gt;&lt;/p&gt;&#xd;
&lt;p&gt;&lt;span style=&quot;font-family:&amp;#39;arial&amp;#39; , &amp;#39;helvetica&amp;#39; , sans-serif;font-size:12pt&quot;&gt;In dieser Basisschulung wirst du in 4 Modulen alle wichtigen Anwendungen kennenlernen (Genesys Telefonanlage, Gesprächsführung, Service und Gesprächsqualität, Weiterleitung).&lt;/span&gt;&lt;/p&gt;&#xd;
&lt;p&gt;&lt;span style=&quot;font-family:&amp;#39;arial&amp;#39; , &amp;#39;helvetica&amp;#39; , sans-serif;font-size:12pt&quot;&gt;Nach dem erfolgreichen Abschluss dieser Module, wirst du noch die erweiterte Schulung &amp;#34;Drittanwendungen&amp;#34; durchführen. Wenn du auch dieses E-Learning erfolgreich abgeschlossen hast, bist du perfekt vorbereitet.&lt;/span&gt;&lt;/p&gt;&#xd;
&lt;p&gt;&lt;span style=&quot;font-family:&amp;#39;arial&amp;#39; , &amp;#39;helvetica&amp;#39; , sans-serif;font-size:12pt&quot;&gt;&lt;strong&gt;Tipps &amp;amp; Tricks für eine erfolgreiche Kursteilnahme:&lt;/strong&gt;&lt;/span&gt;&lt;/p&gt;&#xd;
&lt;ul&gt;&lt;li&gt;&lt;span style=&quot;font-family:&amp;#39;arial&amp;#39; , &amp;#39;helvetica&amp;#39; , sans-serif;font-size:12pt&quot;&gt;Das E-Learning dauert insgesamt ca. 1,5 Stunden.&lt;/span&gt;&lt;/li&gt;&lt;li&gt;&lt;span style=&quot;font-family:&amp;#39;arial&amp;#39; , &amp;#39;helvetica&amp;#39; , sans-serif;font-size:12pt&quot;&gt;Mache dir Notizen!&lt;/span&gt;&lt;/li&gt;&lt;li&gt;&lt;span style=&quot;font-family:&amp;#39;arial&amp;#39; , &amp;#39;helvetica&amp;#39; , sans-serif;font-size:12pt&quot;&gt;Teste Dein Wissen am Ende jeder Lektion mit dem &lt;em&gt;Wissenstest&lt;/em&gt;. Dieser fließt nicht mit in die Gesamtbewertung und dient ausschließlich zur deiner eigenen Kontrolle.&lt;/span&gt;&lt;/li&gt;&lt;li&gt;&lt;span style=&quot;font-family:&amp;#39;arial&amp;#39; , &amp;#39;helvetica&amp;#39; , sans-serif;font-size:12pt&quot;&gt;Am Ende des 4. Moduls gibt es ein Abschlusstest, dessen Ergebnis ausschlaggebend ist, ob du das Training bestanden hast, oder nicht.&lt;/span&gt;&lt;/li&gt;&lt;li&gt;&lt;span style=&quot;font-family:&amp;#39;arial&amp;#39; , &amp;#39;helvetica&amp;#39; , sans-serif;font-size:12pt&quot;&gt;Bei allen Fragen können manchmal mehrere Antworten und manchmal nur eine Antwort richtig sein.&lt;/span&gt;&lt;br /&gt;&lt;hr /&gt;&lt;/li&gt;&lt;/ul&gt;&#xd;
&lt;p&gt;&lt;span style=&quot;background-color:#ffffff;color:#ff0000;font-family:&amp;#39;arial&amp;#39; , &amp;#39;helvetica&amp;#39; , sans-serif;font-size:12pt&quot;&gt;&lt;strong&gt;Wichtig: &lt;/strong&gt;&lt;/span&gt;&lt;/p&gt;&#xd;
&lt;p&gt;&lt;span style=&quot;background-color:#ffffff;color:#ff0000;font-family:&amp;#39;arial&amp;#39; , &amp;#39;helvetica&amp;#39; , sans-serif;font-size:12pt&quot;&gt;&lt;span style=&quot;color:#000000&quot;&gt;Die Schulung ist so aufgebaut, dass es sinnvoll ist die Reihenfolge einzuhalten. Daher musst du &lt;strong&gt;&lt;span style=&quot;background-color:#ffffff&quot;&gt;fast immer&lt;/span&gt;&lt;/strong&gt; nach jedem Kursbaustein eine Lesebestätigung anklicken (du findest diese oben rechts unter der Menü-Leiste, bei den Pfeilen &amp;lt; &amp;gt; ). Solltest du also nicht weiterkommen, schau nach ob du eine Lesebestätigung noch bestätigen musst. Nachdem du die Lesebestätigung angeklickt hast, ändert sich der Status dort in &amp;#34;erledigt&amp;#34;.&lt;/span&gt;&lt;strong&gt;&lt;br /&gt;&lt;/strong&gt;&lt;/span&gt;&lt;/p&gt;&#xd;
&lt;p&gt;&lt;span style=&quot;font-family:&amp;#39;arial&amp;#39; , &amp;#39;helvetica&amp;#39; , sans-serif;font-size:12pt&quot;&gt;Nach Beendigung aller Module gibt es den angekündigten &lt;strong&gt;Abschlusstest&lt;/strong&gt;. Von den Fragen musst du 80 % richtig beantworten, um den Test zu bestehen.&lt;/span&gt;&lt;/p&gt;&#xd;
&lt;p&gt;&lt;span style=&quot;font-family:&amp;#39;arial&amp;#39; , &amp;#39;helvetica&amp;#39; , sans-serif;font-size:12pt&quot;&gt;Während der Testdurchführung hast die Möglichkeit, auf bereits beantwortete Fragen wieder zurück zu springen, so dass du deine bereits gegebenen Antworten noch einnmal verändern kannst. Denke daran, es können eine oder mehrere Antworten richtig sein. &lt;span style=&quot;text-decoration:underline&quot;&gt;&lt;em&gt;Wenn du die Frage beantwortet hast, vergesse nicht auf &amp;#34;Antwort speichern&amp;#34; zu klicken!&lt;/em&gt; &lt;/span&gt;&lt;/span&gt;&lt;/p&gt;&#xd;
&lt;p&gt; &lt;/p&gt;</description>
    <objectives></objectives>
    <instruction></instruction>
    <instructionalDesign></instructionalDesign>
    <displayOption>title+desc+content</displayOption>
    <moduleConfiguration>
      <config>
        <entry>
          <string>columns</string>
          <int>2</int>
        </entry>
        <entry>
          <string>display</string>
          <string>toc</string>
        </entry>
        <entry>
          <string>coach.user.visibility</string>
          <string>true</string>
        </entry>
        <entry>
          <string>score.calculator.supported</string>
          <string>false</string>
        </entry>
        <entry>
          <string>peekview.filter</string>
          <string>all</string>
        </entry>
        <entry>
          <string>coach.user.grade.apply</string>
          <string>true</string>
        </entry>
        <entry>
          <string>allowRelativeLinks</string>
          <string>false</string>
        </entry>
        <entry>
          <string>deliveryOptions</string>
          <org.olat.core.gui.control.generic.iframe.DeliveryOptions>
            <standardMode>false</standardMode>
            <jQueryEnabled>true</jQueryEnabled>
            <glossaryEnabled>true</glossaryEnabled>
            <openolatCss>true</openolatCss>
          </org.olat.core.gui.control.generic.iframe.DeliveryOptions>
        </entry>
        <entry>
          <string>configversion</string>
          <int>8</int>
        </entry>
        <entry>
          <string>learning.path.sequence</string>
          <string>learning.path.sequence.sequential</string>
        </entry>
        <entry>
          <string>children.filter</string>
          <string>all</string>
        </entry>
        <entry>
          <string>lp.st.configversion</string>
          <int>1</int>
        </entry>
        <entry>
          <string>score.key</string>
          <string>score.sum</string>
        </entry>
        <entry>
          <string>lp.obligation</string>
          <string>evaluated</string>
        </entry>
        <entry>
          <string>passed.points</string>
          <string>true</string>
        </entry>
        <entry>
          <string>passed.points.cut</string>
          <int>14</int>
        </entry>
      </config>
    </moduleConfiguration>
    <preConditionVisibility>
      <expertMode>false</expertMode>
      <easyModeCoachesAndAdmins>false</easyModeCoachesAndAdmins>
      <easyModeAlwaysAllowCoachesAndAdmins>false</easyModeAlwaysAllowCoachesAndAdmins>
      <assessmentMode>false</assessmentMode>
      <assessmentModeViewResults>false</assessmentModeViewResults>
    </preConditionVisibility>
    <additionalConditions/>
    <preConditionAccess>
      <expertMode>false</expertMode>
      <easyModeCoachesAndAdmins>false</easyModeCoachesAndAdmins>
      <easyModeAlwaysAllowCoachesAndAdmins>false</easyModeAlwaysAllowCoachesAndAdmins>
      <assessmentMode>false</assessmentMode>
      <assessmentModeViewResults>false</assessmentModeViewResults>
    </preConditionAccess>
    <scoreCalculator>
      <expertMode>false</expertMode>
      <passedCutValue>0</passedCutValue>
      <failedType>failedAsNotPassedAfterEndDate</failedType>
    </scoreCalculator>
  </rootNode>
  <version>3</version>
</org.olat.course.Structure>