<RepositoryEntryProperties>
  <key>589858</key>
  <Softkey>myopenolat_1_106286586030839</Softkey>
  <ResourceName>-</ResourceName>
  <DisplayName>wissenschaftliche Arbeiten</DisplayName>
  <Description></Description>
  <teaser></teaser>
  <InitialAuthor>administrator</InitialAuthor>
  <objectives></objectives>
  <requirements></requirements>
  <credits></credits>
  <licenseTypeKey>1</licenseTypeKey>
  <licenseTypeName>no.license</licenseTypeName>
  <licenseText></licenseText>
</RepositoryEntryProperties>