<RepositoryEntryProperties>
  <key>2654290</key>
  <Softkey>myopenolat_1_106296984202699</Softkey>
  <ResourceName>-</ResourceName>
  <DisplayName>import-e46dfd53-61d0-4d7f-a764-f651eeada9c9</DisplayName>
  <Description>&lt;p&gt;Ein weiteres Modul, um tel-inform und die Tätigkeit besser kennenzulernen. Du erhältst hier einen ersten Eindruck, was der Unterschied zwischen Sales und Service ist und worauf du besonders achten solltest.&lt;/p&gt;</Description>
  <teaser></teaser>
  <InitialAuthor>administrator</InitialAuthor>
  <authors>Michael Heinz, Vera Koch, Helene Schmitz-Schiwek</authors>
  <mainLanguage>deutsch</mainLanguage>
  <objectives>&lt;p&gt;Erstes Kennenlernen mit  Verkaufsgesprächen&lt;/p&gt;&lt;p&gt;Erstes Kennenlernen mit Servicegesprächen&lt;/p&gt;&lt;p&gt;tel-inform ABC und relevante Abkürzungen kennen lernen&lt;/p&gt;</objectives>
  <requirements>&lt;p&gt;zum Onboarding zugelassen :)&lt;/p&gt;</requirements>
  <credits></credits>
  <expenditureOfWork>60 Minuten</expenditureOfWork>
  <imageName>2654290.jpg</imageName>
  <licenseTypeKey>1</licenseTypeKey>
  <licenseTypeName>no.license</licenseTypeName>
  <licenseText></licenseText>
</RepositoryEntryProperties>