<?xml version="1.0" encoding="UTF-8"?>
<org.olat.course.tree.CourseEditorTreeModel>
  <rootNode class="org.olat.course.tree.CourseEditorTreeNode">
    <ident>103660282986104</ident>
    <children>
      <org.olat.course.tree.CourseEditorTreeNode>
        <ident>103843468688866</ident>
        <parent class="org.olat.course.tree.CourseEditorTreeNode" reference="../../.."/>
        <children/>
        <accessible>true</accessible>
        <selected>false</selected>
        <cn class="org.olat.course.nodes.SPCourseNode">
          <ident>103843468688866</ident>
          <type>sp</type>
          <shortTitle>Einführung Servicegespr.</shortTitle>
          <longTitle></longTitle>
          <learningObjectives>&lt;p&gt;Erhalte deine ersten Informationen, worauf du bei einem guten Servicegespräch achten solltest und was notwendig ist den Kunden zufrieden aus dem Gespräch zu entlassen.&lt;/p&gt;</learningObjectives>
          <displayOption>shorttitle+content</displayOption>
          <moduleConfiguration>
            <config>
              <entry>
                <string>lp.configversion</string>
                <int>2</int>
              </entry>
              <entry>
                <string>startpage</string>
                <string>false</string>
              </entry>
              <entry>
                <string>file</string>
                <string>/einfuehrung_servicegespr/einfuehrung_servicegespr.html</string>
              </entry>
              <entry>
                <string>fully.assessed.trigger</string>
                <string>nodeVisited</string>
              </entry>
              <entry>
                <string>obligation</string>
                <string>mandatory</string>
              </entry>
              <entry>
                <string>lp.rel.dates</string>
                <string>false</string>
              </entry>
              <entry>
                <string>allowRelativeLinks</string>
                <string>false</string>
              </entry>
              <entry>
                <string>deliveryOptions</string>
                <org.olat.core.gui.control.generic.iframe.DeliveryOptions>
                  <standardMode>false</standardMode>
                  <jQueryEnabled>true</jQueryEnabled>
                  <glossaryEnabled>true</glossaryEnabled>
                  <openolatCss>true</openolatCss>
                </org.olat.core.gui.control.generic.iframe.DeliveryOptions>
              </entry>
              <entry>
                <string>configversion</string>
                <int>4</int>
              </entry>
            </config>
          </moduleConfiguration>
          <noAccessExplanation>Dieses Kurselement ist nicht zugänglich.</noAccessExplanation>
          <preConditionVisibility>
            <expertMode>false</expertMode>
            <easyModeCoachesAndAdmins>false</easyModeCoachesAndAdmins>
            <easyModeAlwaysAllowCoachesAndAdmins>false</easyModeAlwaysAllowCoachesAndAdmins>
            <assessmentMode>false</assessmentMode>
            <assessmentModeViewResults>false</assessmentModeViewResults>
          </preConditionVisibility>
          <additionalConditions/>
          <preConditionAccess>
            <expertMode>false</expertMode>
            <easyModeCoachesAndAdmins>false</easyModeCoachesAndAdmins>
            <easyModeAlwaysAllowCoachesAndAdmins>false</easyModeAlwaysAllowCoachesAndAdmins>
            <assessmentMode>false</assessmentMode>
            <assessmentModeViewResults>false</assessmentModeViewResults>
          </preConditionAccess>
        </cn>
        <dirty>false</dirty>
        <deleted>false</deleted>
        <newnode>false</newnode>
      </org.olat.course.tree.CourseEditorTreeNode>
      <org.olat.course.tree.CourseEditorTreeNode>
        <ident>103843468704744</ident>
        <parent class="org.olat.course.tree.CourseEditorTreeNode" reference="../../.."/>
        <accessible>true</accessible>
        <selected>false</selected>
        <cn class="org.olat.course.nodes.SPCourseNode">
          <ident>103843468704744</ident>
          <type>sp</type>
          <shortTitle>Einführung Verkaufsgespr.</shortTitle>
          <longTitle></longTitle>
          <learningObjectives>&lt;p&gt;Bekomme einen ersten Eindruck davon, worauf du bei einem guten Verkaufsgepräch achten solltest und was notwendig ist den Kunden zufrieden aus dem Gespräch zu entlassen.&lt;/p&gt;</learningObjectives>
          <displayOption>shorttitle+content</displayOption>
          <moduleConfiguration>
            <config>
              <entry>
                <string>lp.configversion</string>
                <int>2</int>
              </entry>
              <entry>
                <string>startpage</string>
                <string>false</string>
              </entry>
              <entry>
                <string>file</string>
                <string>/einfuehrung_verkaufsgespr/einfuehrung_verkaufsgespr.html</string>
              </entry>
              <entry>
                <string>fully.assessed.trigger</string>
                <string>confirmed</string>
              </entry>
              <entry>
                <string>obligation</string>
                <string>mandatory</string>
              </entry>
              <entry>
                <string>lp.rel.dates</string>
                <string>false</string>
              </entry>
              <entry>
                <string>allowRelativeLinks</string>
                <string>false</string>
              </entry>
              <entry>
                <string>deliveryOptions</string>
                <org.olat.core.gui.control.generic.iframe.DeliveryOptions>
                  <standardMode>false</standardMode>
                  <jQueryEnabled>true</jQueryEnabled>
                  <glossaryEnabled>true</glossaryEnabled>
                  <openolatCss>true</openolatCss>
                </org.olat.core.gui.control.generic.iframe.DeliveryOptions>
              </entry>
              <entry>
                <string>configversion</string>
                <int>4</int>
              </entry>
            </config>
          </moduleConfiguration>
          <noAccessExplanation>Dieses Kurselement ist nicht zugänglich.</noAccessExplanation>
          <preConditionVisibility>
            <expertMode>false</expertMode>
            <easyModeCoachesAndAdmins>false</easyModeCoachesAndAdmins>
            <easyModeAlwaysAllowCoachesAndAdmins>false</easyModeAlwaysAllowCoachesAndAdmins>
            <assessmentMode>false</assessmentMode>
            <assessmentModeViewResults>false</assessmentModeViewResults>
          </preConditionVisibility>
          <additionalConditions/>
          <preConditionAccess>
            <expertMode>false</expertMode>
            <easyModeCoachesAndAdmins>false</easyModeCoachesAndAdmins>
            <easyModeAlwaysAllowCoachesAndAdmins>false</easyModeAlwaysAllowCoachesAndAdmins>
            <assessmentMode>false</assessmentMode>
            <assessmentModeViewResults>false</assessmentModeViewResults>
          </preConditionAccess>
        </cn>
        <dirty>false</dirty>
        <deleted>false</deleted>
        <newnode>false</newnode>
      </org.olat.course.tree.CourseEditorTreeNode>
      <org.olat.course.tree.CourseEditorTreeNode>
        <ident>103843468704874</ident>
        <parent class="org.olat.course.tree.CourseEditorTreeNode" reference="../../.."/>
        <accessible>true</accessible>
        <selected>false</selected>
        <cn class="org.olat.course.nodes.SPCourseNode">
          <ident>103843468704874</ident>
          <type>sp</type>
          <shortTitle>Gesprächsstandards</shortTitle>
          <longTitle></longTitle>
          <learningObjectives></learningObjectives>
          <displayOption>content</displayOption>
          <moduleConfiguration>
            <config>
              <entry>
                <string>lp.configversion</string>
                <int>2</int>
              </entry>
              <entry>
                <string>startpage</string>
                <string>false</string>
              </entry>
              <entry>
                <string>file</string>
                <string>/gespraechsstandards/gespraechsstandards.html</string>
              </entry>
              <entry>
                <string>fully.assessed.trigger</string>
                <string>confirmed</string>
              </entry>
              <entry>
                <string>obligation</string>
                <string>mandatory</string>
              </entry>
              <entry>
                <string>lp.rel.dates</string>
                <string>false</string>
              </entry>
              <entry>
                <string>allowRelativeLinks</string>
                <string>false</string>
              </entry>
              <entry>
                <string>deliveryOptions</string>
                <org.olat.core.gui.control.generic.iframe.DeliveryOptions>
                  <standardMode>false</standardMode>
                  <jQueryEnabled>true</jQueryEnabled>
                  <glossaryEnabled>true</glossaryEnabled>
                  <openolatCss>true</openolatCss>
                </org.olat.core.gui.control.generic.iframe.DeliveryOptions>
              </entry>
              <entry>
                <string>configversion</string>
                <int>4</int>
              </entry>
            </config>
          </moduleConfiguration>
          <noAccessExplanation>Dieses Kurselement ist nicht zugänglich.</noAccessExplanation>
          <preConditionVisibility>
            <expertMode>false</expertMode>
            <easyModeCoachesAndAdmins>false</easyModeCoachesAndAdmins>
            <easyModeAlwaysAllowCoachesAndAdmins>false</easyModeAlwaysAllowCoachesAndAdmins>
            <assessmentMode>false</assessmentMode>
            <assessmentModeViewResults>false</assessmentModeViewResults>
          </preConditionVisibility>
          <additionalConditions/>
          <preConditionAccess>
            <expertMode>false</expertMode>
            <easyModeCoachesAndAdmins>false</easyModeCoachesAndAdmins>
            <easyModeAlwaysAllowCoachesAndAdmins>false</easyModeAlwaysAllowCoachesAndAdmins>
            <assessmentMode>false</assessmentMode>
            <assessmentModeViewResults>false</assessmentModeViewResults>
          </preConditionAccess>
        </cn>
        <dirty>false</dirty>
        <deleted>false</deleted>
        <newnode>false</newnode>
      </org.olat.course.tree.CourseEditorTreeNode>
    </children>
    <accessible>true</accessible>
    <selected>false</selected>
    <cn class="org.olat.course.nodes.STCourseNode">
      <ident>103660282986104</ident>
      <type>st</type>
      <shortTitle>Onboarding SuS</shortTitle>
      <longTitle>import-e46dfd53-61d0-4d7f-a764-f651eeada9c9</longTitle>
      <description>&lt;p&gt;Herzlich willkommen zur Sales- und Serviceschulung.&lt;/p&gt;&#xd;
&lt;p&gt;Du erhältst in dieser Schulung einen ersten Einblick, darüber, was ein Sales- oder Servicegspräch überhaupt bedeutet. Wenn du bereits Erfahrung im Kundenservice hast, dann sind diese Informationen bestimmt nicht neu für dich, aber trotzdem interessant.&lt;/p&gt;&#xd;
&lt;p&gt;Im Kundenservice unterteilen wir unsere Telefonate in zwei Kommunikationsrichtungen. Nimmst du den Anruf eines Kunden entgegen, handelt es sich um ein Inbound-Gespräch, also ein eingehendes Gespräch. Bei unseren Inbound-Gesprächen werden die Anliegen unserer Kunden anhand der Vorgaben unserer Auftraggeber bearbeitet. In einem solchen Gespräch liegt der Fokus nicht auf dem Verkauf, sondern auf dem Service. Es handelt sich also um ein Servicegespräch.&lt;/p&gt;&#xd;
&lt;p&gt;Hast du die Aufgabe Kunden anzurufen, um diese zum Beispiel für unseren Auftraggeber zurückzugewinnen, handelt es sich um ein Outbound-Gespräch, also ein ausgehendes Gespräch. Outbound-Gespräche sind meist Verkaufsgespräche. Diese sind immer abschlussorientiert, erfordern Überzeugungskraft eurerseits und bestehen aus mehreren Phasen: der Begrüßung, der Bedarfsermittlung, dem Angebot, der Einwandbehandlung, dem Abschluss und der Verabschiedung.&lt;/p&gt;&#xd;
&lt;p&gt;Dies ist kein Test, eher ein Sammeln von wichtigen Informationen die du für die kommenden Kundengespräche einsetzen kannst.&lt;/p&gt;&#xd;
&lt;p&gt;Du wirst bei uns vorerst nur für einen Bereich eingesetzt, sei es im Service oder im Vertrieb. Trotzdem sind die Informationen aus beiden Gesprächsvarianten für dich hilfreich.&lt;/p&gt;&#xd;
&lt;p&gt;Also nimm dir was zu schreiben an die Hand und mache dir fleißig Notizen. Du erhältst am Ende noch einen Link zu einem Handout, dort findest du alle wichtigen Informationen zusammengefasst.&lt;/p&gt;&#xd;
&lt;p&gt;Im Laufe deiner Einarbeitung wirst du weiterführende Schulungen zu einzelnen Themen aus der Service- und Salesschulung erhalten.&lt;/p&gt;</description>
      <objectives></objectives>
      <instruction></instruction>
      <instructionalDesign></instructionalDesign>
      <displayOption>title+desc+content</displayOption>
      <moduleConfiguration>
        <config>
          <entry>
            <string>columns</string>
            <int>2</int>
          </entry>
          <entry>
            <string>display</string>
            <string>toc</string>
          </entry>
          <entry>
            <string>peekviewChildNodes</string>
            <string>103843468456129,103843468456092,103843468456053,103843468456033,103843468688866</string>
          </entry>
          <entry>
            <string>coach.user.visibility</string>
            <string>true</string>
          </entry>
          <entry>
            <string>score.calculator.supported</string>
            <string>false</string>
          </entry>
          <entry>
            <string>peekview.filter</string>
            <string>all</string>
          </entry>
          <entry>
            <string>coach.user.grade.apply</string>
            <string>true</string>
          </entry>
          <entry>
            <string>allowRelativeLinks</string>
            <string>false</string>
          </entry>
          <entry>
            <string>deliveryOptions</string>
            <org.olat.core.gui.control.generic.iframe.DeliveryOptions>
              <standardMode>false</standardMode>
              <jQueryEnabled>true</jQueryEnabled>
              <glossaryEnabled>true</glossaryEnabled>
              <openolatCss>true</openolatCss>
            </org.olat.core.gui.control.generic.iframe.DeliveryOptions>
          </entry>
          <entry>
            <string>configversion</string>
            <int>8</int>
          </entry>
          <entry>
            <string>learning.path.sequence</string>
            <string>learning.path.sequence.sequential</string>
          </entry>
          <entry>
            <string>children.filter</string>
            <string>children.selection</string>
          </entry>
          <entry>
            <string>lp.st.configversion</string>
            <int>1</int>
          </entry>
          <entry>
            <string>score.key</string>
            <string>score.sum</string>
          </entry>
          <entry>
            <string>passed.progress</string>
            <string>true</string>
          </entry>
          <entry>
            <string>lp.obligation</string>
            <string>evaluated</string>
          </entry>
        </config>
      </moduleConfiguration>
      <preConditionVisibility>
        <expertMode>false</expertMode>
        <easyModeCoachesAndAdmins>false</easyModeCoachesAndAdmins>
        <easyModeAlwaysAllowCoachesAndAdmins>false</easyModeAlwaysAllowCoachesAndAdmins>
        <assessmentMode>false</assessmentMode>
        <assessmentModeViewResults>false</assessmentModeViewResults>
      </preConditionVisibility>
      <additionalConditions/>
      <preConditionAccess>
        <expertMode>false</expertMode>
        <easyModeCoachesAndAdmins>false</easyModeCoachesAndAdmins>
        <easyModeAlwaysAllowCoachesAndAdmins>false</easyModeAlwaysAllowCoachesAndAdmins>
        <assessmentMode>false</assessmentMode>
        <assessmentModeViewResults>false</assessmentModeViewResults>
      </preConditionAccess>
      <scoreCalculator>
        <expertMode>false</expertMode>
        <passedCutValue>0</passedCutValue>
        <failedType>failedAsNotPassedAfterEndDate</failedType>
      </scoreCalculator>
    </cn>
    <dirty>false</dirty>
    <deleted>false</deleted>
    <newnode>false</newnode>
  </rootNode>
  <latestPublishTimestamp>1660916049537</latestPublishTimestamp>
  <highestNodeId>9223372036853775807</highestNodeId>
  <version>3</version>
</org.olat.course.tree.CourseEditorTreeModel>