<?xml version="1.0" encoding="UTF-8"?>
<org.olat.course.config.CourseConfig>
  <version>22</version>
  <configuration class="hashtable">
    <entry>
      <string>DISCLAIMER_2_TITLE</string>
      <string></string>
    </entry>
    <entry>
      <string>PARTICIPANT_LIST_ENABLED</string>
      <boolean>false</boolean>
    </entry>
    <entry>
      <string>WIKI_ENABLED</string>
      <boolean>false</boolean>
    </entry>
    <entry>
      <string>COACH_FOLDER_ENABLED</string>
      <boolean>false</boolean>
    </entry>
    <entry>
      <string>NODE_COLOR_CATEGORY_IDENITFIER</string>
      <string>no.color</string>
    </entry>
    <entry>
      <string>DISCLAIMER_1_TITLE</string>
      <string></string>
    </entry>
    <entry>
      <string>TEAMS_ENABLED</string>
      <boolean>false</boolean>
    </entry>
    <entry>
      <string>DISCLAIMER_1_ENABLED</string>
      <boolean>false</boolean>
    </entry>
    <entry>
      <string>PARTICIPANT_INFO_ENABLED</string>
      <boolean>false</boolean>
    </entry>
    <entry>
      <string>BLOG_ENABLED</string>
      <boolean>false</boolean>
    </entry>
    <entry>
      <string>DISCLAIMER_2_LABEL_2</string>
      <string></string>
    </entry>
    <entry>
      <string>BIGBLUEBUTTON_MODERATOR_STARTS_MEETING</string>
      <boolean>true</boolean>
    </entry>
    <entry>
      <string>FORUM_ENABLED</string>
      <boolean>false</boolean>
    </entry>
    <entry>
      <string>EMAIL_ENABLED</string>
      <boolean>false</boolean>
    </entry>
    <entry>
      <string>DISCLAIMER_2_LABEL_1</string>
      <string></string>
    </entry>
    <entry>
      <string>COURSESEARCH_ENABLED</string>
      <boolean>true</boolean>
    </entry>
    <entry>
      <string>DISCLAIMER_1_LABEL_2</string>
      <string></string>
    </entry>
    <entry>
      <string>KEY_EFFICENCY_ENABLED</string>
      <boolean>true</boolean>
    </entry>
    <entry>
      <string>DISCLAIMER_2_TERMS</string>
      <string></string>
    </entry>
    <entry>
      <string>DISCLAIMER_1_LABEL_1</string>
      <string></string>
    </entry>
    <entry>
      <string>DISCLAIMER_1_TERMS</string>
      <string></string>
    </entry>
    <entry>
      <string>BIGBLUEBUTTON_ENABLED</string>
      <boolean>false</boolean>
    </entry>
    <entry>
      <string>DISCLAIMER_2_ENABLED</string>
      <boolean>false</boolean>
    </entry>
    <entry>
      <string>MENU_ENABLED</string>
      <boolean>true</boolean>
    </entry>
    <entry>
      <string>MENU_NODE_ICONS_ENABLED</string>
      <boolean>false</boolean>
    </entry>
    <entry>
      <string>COURSE_CHAT_ENABLED</string>
      <boolean>false</boolean>
    </entry>
    <entry>
      <string>TOOLBAR_ENABLED</string>
      <boolean>true</boolean>
    </entry>
    <entry>
      <string>DOCUMENTS_ENABLED</string>
      <boolean>false</boolean>
    </entry>
    <entry>
      <string>NODE_TEASER_IMAGE_STYLE</string>
      <org.olat.course.style.TeaserImageStyle>gradient</org.olat.course.style.TeaserImageStyle>
    </entry>
    <entry>
      <string>CSS_FILEREF</string>
      <string>form.layout.setsystemcss</string>
    </entry>
    <entry>
      <string>KEY_CALENDAR_ENABLED</string>
      <boolean>false</boolean>
    </entry>
    <entry>
      <string>MENU_PATH_ENABLED</string>
      <boolean>true</boolean>
    </entry>
    <entry>
      <string>NODE_ACCESS_TYPE</string>
      <string>condition</string>
    </entry>
    <entry>
      <string>SHAREDFOLDER_SOFTKEY</string>
      <string>sf.notconfigured</string>
    </entry>
    <entry>
      <string>COMPLETION_TYPE</string>
      <string>numberOfNodes</string>
    </entry>
  </configuration>
</org.olat.course.config.CourseConfig>