<?xml version="1.0" encoding="UTF-8"?>
<org.olat.course.tree.CourseEditorTreeModel>
  <rootNode class="org.olat.course.tree.CourseEditorTreeNode">
    <ident>106286586030840</ident>
    <children>
      <org.olat.course.tree.CourseEditorTreeNode>
        <ident>106286586030867</ident>
        <parent class="org.olat.course.tree.CourseEditorTreeNode" reference="../../.."/>
        <accessible>true</accessible>
        <selected>false</selected>
        <cn class="org.olat.course.nodes.SPCourseNode">
          <ident>106286586030867</ident>
          <type>sp</type>
          <shortTitle></shortTitle>
          <longTitle>Organisation</longTitle>
          <description>&lt;p&gt;Während des Semesters müssen alle Studierenden, welche diesen Kurs absolvieren müssen oder möchten, die einzelnen Lerneinheiten bearbeiten. Die Reihenfolge ist für diesen Kurs nicht von Bedeutung. &lt;/p&gt;</description>
          <objectives></objectives>
          <instruction></instruction>
          <instructionalDesign></instructionalDesign>
          <displayOption>title+desc+content</displayOption>
          <teaserImageSource class="ImageSource">
            <type>course</type>
          </teaserImageSource>
          <teaserImageStyle>course</teaserImageStyle>
          <colorCategoryIdentifier>inherited</colorCategoryIdentifier>
          <moduleConfiguration>
            <config>
              <entry>
                <string>startpage</string>
                <string>false</string>
              </entry>
              <entry>
                <string>file</string>
                <string>/single_page/single_page.html</string>
              </entry>
              <entry>
                <string>allowRelativeLinks</string>
                <string>false</string>
              </entry>
              <entry>
                <string>deliveryOptions</string>
                <org.olat.core.gui.control.generic.iframe.DeliveryOptions>
                  <standardMode>false</standardMode>
                  <jQueryEnabled>true</jQueryEnabled>
                  <glossaryEnabled>true</glossaryEnabled>
                  <openolatCss>true</openolatCss>
                </org.olat.core.gui.control.generic.iframe.DeliveryOptions>
              </entry>
              <entry>
                <string>configversion</string>
                <int>4</int>
              </entry>
            </config>
          </moduleConfiguration>
          <noAccessExplanation>This course element is not accessible.</noAccessExplanation>
          <preConditionVisibility>
            <expertMode>false</expertMode>
            <easyModeCoachesAndAdmins>false</easyModeCoachesAndAdmins>
            <easyModeAlwaysAllowCoachesAndAdmins>false</easyModeAlwaysAllowCoachesAndAdmins>
            <assessmentMode>false</assessmentMode>
            <assessmentModeViewResults>false</assessmentModeViewResults>
          </preConditionVisibility>
          <additionalConditions/>
          <preConditionAccess>
            <expertMode>false</expertMode>
            <easyModeCoachesAndAdmins>false</easyModeCoachesAndAdmins>
            <easyModeAlwaysAllowCoachesAndAdmins>false</easyModeAlwaysAllowCoachesAndAdmins>
            <assessmentMode>false</assessmentMode>
            <assessmentModeViewResults>false</assessmentModeViewResults>
          </preConditionAccess>
        </cn>
        <dirty>false</dirty>
        <deleted>false</deleted>
        <newnode>false</newnode>
      </org.olat.course.tree.CourseEditorTreeNode>
      <org.olat.course.tree.CourseEditorTreeNode>
        <ident>106286586030871</ident>
        <parent class="org.olat.course.tree.CourseEditorTreeNode" reference="../../.."/>
        <children>
          <org.olat.course.tree.CourseEditorTreeNode>
            <ident>106286586031322</ident>
            <parent class="org.olat.course.tree.CourseEditorTreeNode" reference="../../.."/>
            <children/>
            <accessible>true</accessible>
            <selected>false</selected>
            <cn class="org.olat.course.nodes.SPCourseNode">
              <ident>106286586031322</ident>
              <type>sp</type>
              <shortTitle></shortTitle>
              <longTitle>Login</longTitle>
              <description>&lt;p&gt;Hier wird dir erklärt wie Du mit deinem Login umzugehen hast und wo Du es überall verwenden kannst und sollst.&lt;/p&gt;</description>
              <objectives></objectives>
              <instruction></instruction>
              <instructionalDesign></instructionalDesign>
              <displayOption>title+desc+content</displayOption>
              <teaserImageSource class="ImageSource">
                <type>course</type>
              </teaserImageSource>
              <teaserImageStyle>course</teaserImageStyle>
              <colorCategoryIdentifier>inherited</colorCategoryIdentifier>
              <moduleConfiguration>
                <config>
                  <entry>
                    <string>startpage</string>
                    <string>false</string>
                  </entry>
                  <entry>
                    <string>file</string>
                    <string>/login/login.html</string>
                  </entry>
                  <entry>
                    <string>allowRelativeLinks</string>
                    <string>false</string>
                  </entry>
                  <entry>
                    <string>deliveryOptions</string>
                    <org.olat.core.gui.control.generic.iframe.DeliveryOptions>
                      <standardMode>false</standardMode>
                      <jQueryEnabled>true</jQueryEnabled>
                      <glossaryEnabled>true</glossaryEnabled>
                      <openolatCss>true</openolatCss>
                    </org.olat.core.gui.control.generic.iframe.DeliveryOptions>
                  </entry>
                  <entry>
                    <string>configversion</string>
                    <int>4</int>
                  </entry>
                </config>
              </moduleConfiguration>
              <noAccessExplanation>This course element is not accessible.</noAccessExplanation>
              <preConditionVisibility>
                <expertMode>false</expertMode>
                <easyModeCoachesAndAdmins>false</easyModeCoachesAndAdmins>
                <easyModeAlwaysAllowCoachesAndAdmins>false</easyModeAlwaysAllowCoachesAndAdmins>
                <assessmentMode>false</assessmentMode>
                <assessmentModeViewResults>false</assessmentModeViewResults>
              </preConditionVisibility>
              <additionalConditions/>
              <preConditionAccess>
                <expertMode>false</expertMode>
                <easyModeCoachesAndAdmins>false</easyModeCoachesAndAdmins>
                <easyModeAlwaysAllowCoachesAndAdmins>false</easyModeAlwaysAllowCoachesAndAdmins>
                <assessmentMode>false</assessmentMode>
                <assessmentModeViewResults>false</assessmentModeViewResults>
              </preConditionAccess>
            </cn>
            <dirty>false</dirty>
            <deleted>false</deleted>
            <newnode>false</newnode>
          </org.olat.course.tree.CourseEditorTreeNode>
          <org.olat.course.tree.CourseEditorTreeNode>
            <ident>106286586031336</ident>
            <parent class="org.olat.course.tree.CourseEditorTreeNode" reference="../../.."/>
            <accessible>true</accessible>
            <selected>false</selected>
            <cn class="org.olat.course.nodes.SPCourseNode">
              <ident>106286586031336</ident>
              <type>sp</type>
              <shortTitle></shortTitle>
              <longTitle>Kurs Einschreibung</longTitle>
              <description>&lt;p&gt;Hier lernst Du wie man sich in unsere Kurse einschreiben kann.&lt;/p&gt;</description>
              <objectives></objectives>
              <instruction></instruction>
              <instructionalDesign></instructionalDesign>
              <displayOption>title+desc+content</displayOption>
              <teaserImageSource class="ImageSource">
                <type>course</type>
              </teaserImageSource>
              <teaserImageStyle>course</teaserImageStyle>
              <colorCategoryIdentifier>inherited</colorCategoryIdentifier>
              <moduleConfiguration>
                <config>
                  <entry>
                    <string>startpage</string>
                    <string>false</string>
                  </entry>
                  <entry>
                    <string>file</string>
                    <string>/kurs_einschreibung/kurs_einschreibung.html</string>
                  </entry>
                  <entry>
                    <string>allowRelativeLinks</string>
                    <string>false</string>
                  </entry>
                  <entry>
                    <string>deliveryOptions</string>
                    <org.olat.core.gui.control.generic.iframe.DeliveryOptions>
                      <standardMode>false</standardMode>
                      <jQueryEnabled>true</jQueryEnabled>
                      <glossaryEnabled>true</glossaryEnabled>
                      <openolatCss>true</openolatCss>
                    </org.olat.core.gui.control.generic.iframe.DeliveryOptions>
                  </entry>
                  <entry>
                    <string>configversion</string>
                    <int>4</int>
                  </entry>
                </config>
              </moduleConfiguration>
              <noAccessExplanation>This course element is not accessible.</noAccessExplanation>
              <preConditionVisibility>
                <expertMode>false</expertMode>
                <easyModeCoachesAndAdmins>false</easyModeCoachesAndAdmins>
                <easyModeAlwaysAllowCoachesAndAdmins>false</easyModeAlwaysAllowCoachesAndAdmins>
                <assessmentMode>false</assessmentMode>
                <assessmentModeViewResults>false</assessmentModeViewResults>
              </preConditionVisibility>
              <additionalConditions/>
              <preConditionAccess>
                <expertMode>false</expertMode>
                <easyModeCoachesAndAdmins>false</easyModeCoachesAndAdmins>
                <easyModeAlwaysAllowCoachesAndAdmins>false</easyModeAlwaysAllowCoachesAndAdmins>
                <assessmentMode>false</assessmentMode>
                <assessmentModeViewResults>false</assessmentModeViewResults>
              </preConditionAccess>
            </cn>
            <dirty>false</dirty>
            <deleted>false</deleted>
            <newnode>false</newnode>
          </org.olat.course.tree.CourseEditorTreeNode>
        </children>
        <accessible>true</accessible>
        <selected>false</selected>
        <cn class="org.olat.course.nodes.STCourseNode">
          <ident>106286586030871</ident>
          <parent class="org.olat.course.nodes.STCourseNode">
            <ident>106286586030840</ident>
            <type>st</type>
            <shortTitle></shortTitle>
            <longTitle>Einführung</longTitle>
            <description>&lt;p&gt;Willkommen zu diesem Einführungskurs der Universität!&lt;/p&gt;</description>
            <objectives></objectives>
            <instruction></instruction>
            <instructionalDesign></instructionalDesign>
            <displayOption>title+desc+content</displayOption>
            <teaserImageSource class="ImageSource">
              <type>course</type>
            </teaserImageSource>
            <teaserImageStyle>course</teaserImageStyle>
            <colorCategoryIdentifier>inherited</colorCategoryIdentifier>
            <moduleConfiguration>
              <config>
                <entry>
                  <string>columns</string>
                  <int>2</int>
                </entry>
                <entry>
                  <string>display</string>
                  <string>toc</string>
                </entry>
                <entry>
                  <string>coach.user.visibility</string>
                  <string>true</string>
                </entry>
                <entry>
                  <string>score.calculator.supported</string>
                  <string>true</string>
                </entry>
                <entry>
                  <string>peekview.filter</string>
                  <string>all</string>
                </entry>
                <entry>
                  <string>coach.user.grade.apply</string>
                  <string>true</string>
                </entry>
                <entry>
                  <string>allowRelativeLinks</string>
                  <string>false</string>
                </entry>
                <entry>
                  <string>deliveryOptions</string>
                  <org.olat.core.gui.control.generic.iframe.DeliveryOptions>
                    <standardMode>false</standardMode>
                    <jQueryEnabled>true</jQueryEnabled>
                    <glossaryEnabled>true</glossaryEnabled>
                    <openolatCss>true</openolatCss>
                  </org.olat.core.gui.control.generic.iframe.DeliveryOptions>
                </entry>
                <entry>
                  <string>learning.path.sequence</string>
                  <string>learning.path.sequence.sequential</string>
                </entry>
                <entry>
                  <string>configversion</string>
                  <int>8</int>
                </entry>
                <entry>
                  <string>children.filter</string>
                  <string>all</string>
                </entry>
                <entry>
                  <string>lp.st.configversion</string>
                  <int>1</int>
                </entry>
                <entry>
                  <string>lp.obligation</string>
                  <string>evaluated</string>
                </entry>
              </config>
            </moduleConfiguration>
            <preConditionVisibility>
              <expertMode>false</expertMode>
              <easyModeCoachesAndAdmins>false</easyModeCoachesAndAdmins>
              <easyModeAlwaysAllowCoachesAndAdmins>false</easyModeAlwaysAllowCoachesAndAdmins>
              <assessmentMode>false</assessmentMode>
              <assessmentModeViewResults>false</assessmentModeViewResults>
            </preConditionVisibility>
            <additionalConditions/>
            <preConditionAccess>
              <expertMode>false</expertMode>
              <easyModeCoachesAndAdmins>false</easyModeCoachesAndAdmins>
              <easyModeAlwaysAllowCoachesAndAdmins>false</easyModeAlwaysAllowCoachesAndAdmins>
              <assessmentMode>false</assessmentMode>
              <assessmentModeViewResults>false</assessmentModeViewResults>
            </preConditionAccess>
            <scoreCalculator>
              <expertMode>false</expertMode>
              <passedCutValue>0</passedCutValue>
              <failedType>failedAsNotPassedAfterEndDate</failedType>
            </scoreCalculator>
          </parent>
          <type>st</type>
          <shortTitle></shortTitle>
          <longTitle>Online Learning Platform</longTitle>
          <description>&lt;p&gt;In diesem Block geht es um die Online Lernplatform auf der Du dich momentan befindest.&lt;/p&gt;</description>
          <objectives></objectives>
          <instruction></instruction>
          <instructionalDesign></instructionalDesign>
          <displayOption>title+desc+content</displayOption>
          <teaserImageSource class="ImageSource">
            <type>course</type>
          </teaserImageSource>
          <teaserImageStyle>course</teaserImageStyle>
          <colorCategoryIdentifier>inherited</colorCategoryIdentifier>
          <moduleConfiguration>
            <config>
              <entry>
                <string>children.filter</string>
                <string>all</string>
              </entry>
              <entry>
                <string>columns</string>
                <int>2</int>
              </entry>
              <entry>
                <string>display</string>
                <string>toc</string>
              </entry>
              <entry>
                <string>coach.user.visibility</string>
                <string>true</string>
              </entry>
              <entry>
                <string>score.calculator.supported</string>
                <string>true</string>
              </entry>
              <entry>
                <string>peekview.filter</string>
                <string>all</string>
              </entry>
              <entry>
                <string>coach.user.grade.apply</string>
                <string>true</string>
              </entry>
              <entry>
                <string>allowRelativeLinks</string>
                <string>false</string>
              </entry>
              <entry>
                <string>deliveryOptions</string>
                <org.olat.core.gui.control.generic.iframe.DeliveryOptions>
                  <standardMode>false</standardMode>
                  <jQueryEnabled>true</jQueryEnabled>
                  <glossaryEnabled>true</glossaryEnabled>
                  <openolatCss>true</openolatCss>
                </org.olat.core.gui.control.generic.iframe.DeliveryOptions>
              </entry>
              <entry>
                <string>configversion</string>
                <int>8</int>
              </entry>
            </config>
          </moduleConfiguration>
          <noAccessExplanation>This course element is not accessible.</noAccessExplanation>
          <preConditionVisibility>
            <expertMode>false</expertMode>
            <easyModeCoachesAndAdmins>false</easyModeCoachesAndAdmins>
            <easyModeAlwaysAllowCoachesAndAdmins>false</easyModeAlwaysAllowCoachesAndAdmins>
            <assessmentMode>false</assessmentMode>
            <assessmentModeViewResults>false</assessmentModeViewResults>
          </preConditionVisibility>
          <additionalConditions>
            <org.olat.course.condition.additionalconditions.PasswordCondition>
              <expertMode>false</expertMode>
              <easyModeCoachesAndAdmins>false</easyModeCoachesAndAdmins>
              <easyModeAlwaysAllowCoachesAndAdmins>false</easyModeAlwaysAllowCoachesAndAdmins>
              <assessmentMode>false</assessmentMode>
              <assessmentModeViewResults>false</assessmentModeViewResults>
            </org.olat.course.condition.additionalconditions.PasswordCondition>
          </additionalConditions>
          <preConditionAccess>
            <expertMode>false</expertMode>
            <easyModeCoachesAndAdmins>false</easyModeCoachesAndAdmins>
            <easyModeAlwaysAllowCoachesAndAdmins>false</easyModeAlwaysAllowCoachesAndAdmins>
            <assessmentMode>false</assessmentMode>
            <assessmentModeViewResults>false</assessmentModeViewResults>
          </preConditionAccess>
          <scoreCalculator>
            <expertMode>false</expertMode>
            <passedCutValue>0</passedCutValue>
            <failedType>failedAsNotPassedAfterEndDate</failedType>
          </scoreCalculator>
        </cn>
        <dirty>false</dirty>
        <deleted>false</deleted>
        <newnode>false</newnode>
      </org.olat.course.tree.CourseEditorTreeNode>
      <org.olat.course.tree.CourseEditorTreeNode>
        <ident>106286586030875</ident>
        <parent class="org.olat.course.tree.CourseEditorTreeNode" reference="../../.."/>
        <children>
          <org.olat.course.tree.CourseEditorTreeNode>
            <ident>106286586031574</ident>
            <parent class="org.olat.course.tree.CourseEditorTreeNode" reference="../../.."/>
            <accessible>true</accessible>
            <selected>false</selected>
            <cn class="org.olat.course.nodes.SPCourseNode">
              <ident>106286586031574</ident>
              <type>sp</type>
              <shortTitle></shortTitle>
              <longTitle>Vorlesungsräume</longTitle>
              <description>&lt;p&gt;Auf dieser Seite findest Du ein Verzeichnis der Vorlesungsräume sowie die dazugehörigen Karten, damit das Leben auf dem Campus möglichst reibungslos beginnen kann.&lt;/p&gt;</description>
              <objectives></objectives>
              <instruction></instruction>
              <instructionalDesign></instructionalDesign>
              <displayOption>title+desc+content</displayOption>
              <teaserImageSource class="ImageSource">
                <type>course</type>
              </teaserImageSource>
              <teaserImageStyle>course</teaserImageStyle>
              <colorCategoryIdentifier>inherited</colorCategoryIdentifier>
              <moduleConfiguration>
                <config>
                  <entry>
                    <string>startpage</string>
                    <string>false</string>
                  </entry>
                  <entry>
                    <string>file</string>
                    <string>/vorlesungsraeume/vorlesungsraeume.html</string>
                  </entry>
                  <entry>
                    <string>allowRelativeLinks</string>
                    <string>false</string>
                  </entry>
                  <entry>
                    <string>deliveryOptions</string>
                    <org.olat.core.gui.control.generic.iframe.DeliveryOptions>
                      <standardMode>false</standardMode>
                      <jQueryEnabled>true</jQueryEnabled>
                      <glossaryEnabled>true</glossaryEnabled>
                      <openolatCss>true</openolatCss>
                    </org.olat.core.gui.control.generic.iframe.DeliveryOptions>
                  </entry>
                  <entry>
                    <string>configversion</string>
                    <int>4</int>
                  </entry>
                </config>
              </moduleConfiguration>
              <noAccessExplanation>This course element is not accessible.</noAccessExplanation>
              <preConditionVisibility>
                <expertMode>false</expertMode>
                <easyModeCoachesAndAdmins>false</easyModeCoachesAndAdmins>
                <easyModeAlwaysAllowCoachesAndAdmins>false</easyModeAlwaysAllowCoachesAndAdmins>
                <assessmentMode>false</assessmentMode>
                <assessmentModeViewResults>false</assessmentModeViewResults>
              </preConditionVisibility>
              <additionalConditions/>
              <preConditionAccess>
                <expertMode>false</expertMode>
                <easyModeCoachesAndAdmins>false</easyModeCoachesAndAdmins>
                <easyModeAlwaysAllowCoachesAndAdmins>false</easyModeAlwaysAllowCoachesAndAdmins>
                <assessmentMode>false</assessmentMode>
                <assessmentModeViewResults>false</assessmentModeViewResults>
              </preConditionAccess>
            </cn>
            <dirty>false</dirty>
            <deleted>false</deleted>
            <newnode>false</newnode>
          </org.olat.course.tree.CourseEditorTreeNode>
          <org.olat.course.tree.CourseEditorTreeNode>
            <ident>106286586031571</ident>
            <parent class="org.olat.course.tree.CourseEditorTreeNode" reference="../../.."/>
            <accessible>true</accessible>
            <selected>false</selected>
            <cn class="org.olat.course.nodes.SPCourseNode">
              <ident>106286586031571</ident>
              <type>sp</type>
              <shortTitle></shortTitle>
              <longTitle>Mensen</longTitle>
              <description>&lt;p&gt;Hier findest Du wo welche Mensa ist und was die jeweiligen Spezialitäten sind.&lt;/p&gt;</description>
              <objectives></objectives>
              <instruction></instruction>
              <instructionalDesign></instructionalDesign>
              <displayOption>title+desc+content</displayOption>
              <teaserImageSource class="ImageSource">
                <type>course</type>
              </teaserImageSource>
              <teaserImageStyle>course</teaserImageStyle>
              <colorCategoryIdentifier>inherited</colorCategoryIdentifier>
              <moduleConfiguration>
                <config>
                  <entry>
                    <string>startpage</string>
                    <string>false</string>
                  </entry>
                  <entry>
                    <string>file</string>
                    <string>/mensen/mensen.html</string>
                  </entry>
                  <entry>
                    <string>allowRelativeLinks</string>
                    <string>false</string>
                  </entry>
                  <entry>
                    <string>deliveryOptions</string>
                    <org.olat.core.gui.control.generic.iframe.DeliveryOptions>
                      <standardMode>false</standardMode>
                      <jQueryEnabled>true</jQueryEnabled>
                      <glossaryEnabled>true</glossaryEnabled>
                      <openolatCss>true</openolatCss>
                    </org.olat.core.gui.control.generic.iframe.DeliveryOptions>
                  </entry>
                  <entry>
                    <string>configversion</string>
                    <int>4</int>
                  </entry>
                </config>
              </moduleConfiguration>
              <noAccessExplanation>This course element is not accessible.</noAccessExplanation>
              <preConditionVisibility>
                <expertMode>false</expertMode>
                <easyModeCoachesAndAdmins>false</easyModeCoachesAndAdmins>
                <easyModeAlwaysAllowCoachesAndAdmins>false</easyModeAlwaysAllowCoachesAndAdmins>
                <assessmentMode>false</assessmentMode>
                <assessmentModeViewResults>false</assessmentModeViewResults>
              </preConditionVisibility>
              <additionalConditions/>
              <preConditionAccess>
                <expertMode>false</expertMode>
                <easyModeCoachesAndAdmins>false</easyModeCoachesAndAdmins>
                <easyModeAlwaysAllowCoachesAndAdmins>false</easyModeAlwaysAllowCoachesAndAdmins>
                <assessmentMode>false</assessmentMode>
                <assessmentModeViewResults>false</assessmentModeViewResults>
              </preConditionAccess>
            </cn>
            <dirty>false</dirty>
            <deleted>false</deleted>
            <newnode>false</newnode>
          </org.olat.course.tree.CourseEditorTreeNode>
        </children>
        <accessible>true</accessible>
        <selected>false</selected>
        <cn class="org.olat.course.nodes.STCourseNode">
          <ident>106286586030875</ident>
          <parent class="org.olat.course.nodes.STCourseNode" reference="../../../org.olat.course.tree.CourseEditorTreeNode[2]/cn/parent"/>
          <type>st</type>
          <shortTitle></shortTitle>
          <longTitle>Campus</longTitle>
          <description>&lt;p&gt;In diesem Block geht es darum dir einen möglichst guten Einblick in unseren Campus zu geben&lt;/p&gt;</description>
          <objectives></objectives>
          <instruction></instruction>
          <instructionalDesign></instructionalDesign>
          <displayOption>title+desc+content</displayOption>
          <teaserImageSource class="ImageSource">
            <type>course</type>
          </teaserImageSource>
          <teaserImageStyle>course</teaserImageStyle>
          <colorCategoryIdentifier>inherited</colorCategoryIdentifier>
          <moduleConfiguration>
            <config>
              <entry>
                <string>children.filter</string>
                <string>all</string>
              </entry>
              <entry>
                <string>columns</string>
                <int>2</int>
              </entry>
              <entry>
                <string>display</string>
                <string>toc</string>
              </entry>
              <entry>
                <string>coach.user.visibility</string>
                <string>true</string>
              </entry>
              <entry>
                <string>score.calculator.supported</string>
                <string>true</string>
              </entry>
              <entry>
                <string>peekview.filter</string>
                <string>all</string>
              </entry>
              <entry>
                <string>coach.user.grade.apply</string>
                <string>true</string>
              </entry>
              <entry>
                <string>allowRelativeLinks</string>
                <string>false</string>
              </entry>
              <entry>
                <string>deliveryOptions</string>
                <org.olat.core.gui.control.generic.iframe.DeliveryOptions>
                  <standardMode>false</standardMode>
                  <jQueryEnabled>true</jQueryEnabled>
                  <glossaryEnabled>true</glossaryEnabled>
                  <openolatCss>true</openolatCss>
                </org.olat.core.gui.control.generic.iframe.DeliveryOptions>
              </entry>
              <entry>
                <string>configversion</string>
                <int>8</int>
              </entry>
            </config>
          </moduleConfiguration>
          <noAccessExplanation>This course element is not accessible.</noAccessExplanation>
          <preConditionVisibility>
            <expertMode>false</expertMode>
            <easyModeCoachesAndAdmins>false</easyModeCoachesAndAdmins>
            <easyModeAlwaysAllowCoachesAndAdmins>false</easyModeAlwaysAllowCoachesAndAdmins>
            <assessmentMode>false</assessmentMode>
            <assessmentModeViewResults>false</assessmentModeViewResults>
          </preConditionVisibility>
          <additionalConditions>
            <org.olat.course.condition.additionalconditions.PasswordCondition>
              <expertMode>false</expertMode>
              <easyModeCoachesAndAdmins>false</easyModeCoachesAndAdmins>
              <easyModeAlwaysAllowCoachesAndAdmins>false</easyModeAlwaysAllowCoachesAndAdmins>
              <assessmentMode>false</assessmentMode>
              <assessmentModeViewResults>false</assessmentModeViewResults>
            </org.olat.course.condition.additionalconditions.PasswordCondition>
          </additionalConditions>
          <preConditionAccess>
            <expertMode>false</expertMode>
            <easyModeCoachesAndAdmins>false</easyModeCoachesAndAdmins>
            <easyModeAlwaysAllowCoachesAndAdmins>false</easyModeAlwaysAllowCoachesAndAdmins>
            <assessmentMode>false</assessmentMode>
            <assessmentModeViewResults>false</assessmentModeViewResults>
          </preConditionAccess>
          <scoreCalculator>
            <expertMode>false</expertMode>
            <passedCutValue>0</passedCutValue>
            <failedType>failedAsNotPassedAfterEndDate</failedType>
          </scoreCalculator>
        </cn>
        <dirty>false</dirty>
        <deleted>false</deleted>
        <newnode>false</newnode>
      </org.olat.course.tree.CourseEditorTreeNode>
      <org.olat.course.tree.CourseEditorTreeNode>
        <ident>106286586030878</ident>
        <parent class="org.olat.course.tree.CourseEditorTreeNode" reference="../../.."/>
        <children>
          <org.olat.course.tree.CourseEditorTreeNode>
            <ident>106286586031581</ident>
            <parent class="org.olat.course.tree.CourseEditorTreeNode" reference="../../.."/>
            <accessible>true</accessible>
            <selected>false</selected>
            <cn class="org.olat.course.nodes.SPCourseNode">
              <ident>106286586031581</ident>
              <type>sp</type>
              <shortTitle></shortTitle>
              <longTitle>Erstes Semester</longTitle>
              <description>&lt;p&gt;Hier erklären wir dir wie dein erstes Semester so ungefähr ablaufen wird.&lt;/p&gt;</description>
              <objectives></objectives>
              <instruction></instruction>
              <instructionalDesign></instructionalDesign>
              <displayOption>title+desc+content</displayOption>
              <teaserImageSource class="ImageSource">
                <type>course</type>
              </teaserImageSource>
              <teaserImageStyle>course</teaserImageStyle>
              <colorCategoryIdentifier>inherited</colorCategoryIdentifier>
              <moduleConfiguration>
                <config>
                  <entry>
                    <string>startpage</string>
                    <string>false</string>
                  </entry>
                  <entry>
                    <string>file</string>
                    <string>/erstes_semester/erstes_semester.html</string>
                  </entry>
                  <entry>
                    <string>allowRelativeLinks</string>
                    <string>false</string>
                  </entry>
                  <entry>
                    <string>deliveryOptions</string>
                    <org.olat.core.gui.control.generic.iframe.DeliveryOptions>
                      <standardMode>false</standardMode>
                      <jQueryEnabled>true</jQueryEnabled>
                      <glossaryEnabled>true</glossaryEnabled>
                      <openolatCss>true</openolatCss>
                    </org.olat.core.gui.control.generic.iframe.DeliveryOptions>
                  </entry>
                  <entry>
                    <string>configversion</string>
                    <int>4</int>
                  </entry>
                </config>
              </moduleConfiguration>
              <noAccessExplanation>This course element is not accessible.</noAccessExplanation>
              <preConditionVisibility>
                <expertMode>false</expertMode>
                <easyModeCoachesAndAdmins>false</easyModeCoachesAndAdmins>
                <easyModeAlwaysAllowCoachesAndAdmins>false</easyModeAlwaysAllowCoachesAndAdmins>
                <assessmentMode>false</assessmentMode>
                <assessmentModeViewResults>false</assessmentModeViewResults>
              </preConditionVisibility>
              <additionalConditions/>
              <preConditionAccess>
                <expertMode>false</expertMode>
                <easyModeCoachesAndAdmins>false</easyModeCoachesAndAdmins>
                <easyModeAlwaysAllowCoachesAndAdmins>false</easyModeAlwaysAllowCoachesAndAdmins>
                <assessmentMode>false</assessmentMode>
                <assessmentModeViewResults>false</assessmentModeViewResults>
              </preConditionAccess>
            </cn>
            <dirty>false</dirty>
            <deleted>false</deleted>
            <newnode>false</newnode>
          </org.olat.course.tree.CourseEditorTreeNode>
        </children>
        <accessible>true</accessible>
        <selected>false</selected>
        <cn class="org.olat.course.nodes.STCourseNode">
          <ident>106286586030878</ident>
          <parent class="org.olat.course.nodes.STCourseNode" reference="../../../org.olat.course.tree.CourseEditorTreeNode[2]/cn/parent"/>
          <type>st</type>
          <shortTitle></shortTitle>
          <longTitle>Semester Ablauf</longTitle>
          <description>&lt;p&gt;In diesem Block geht es darum, dass dein erstes Semester so reibungslos wie möglich abläuft.&lt;/p&gt;</description>
          <objectives></objectives>
          <instruction></instruction>
          <instructionalDesign></instructionalDesign>
          <displayOption>title+desc+content</displayOption>
          <teaserImageSource class="ImageSource">
            <type>course</type>
          </teaserImageSource>
          <teaserImageStyle>course</teaserImageStyle>
          <colorCategoryIdentifier>inherited</colorCategoryIdentifier>
          <moduleConfiguration>
            <config>
              <entry>
                <string>children.filter</string>
                <string>all</string>
              </entry>
              <entry>
                <string>columns</string>
                <int>2</int>
              </entry>
              <entry>
                <string>display</string>
                <string>toc</string>
              </entry>
              <entry>
                <string>coach.user.visibility</string>
                <string>true</string>
              </entry>
              <entry>
                <string>score.calculator.supported</string>
                <string>true</string>
              </entry>
              <entry>
                <string>peekview.filter</string>
                <string>all</string>
              </entry>
              <entry>
                <string>coach.user.grade.apply</string>
                <string>true</string>
              </entry>
              <entry>
                <string>allowRelativeLinks</string>
                <string>false</string>
              </entry>
              <entry>
                <string>deliveryOptions</string>
                <org.olat.core.gui.control.generic.iframe.DeliveryOptions>
                  <standardMode>false</standardMode>
                  <jQueryEnabled>true</jQueryEnabled>
                  <glossaryEnabled>true</glossaryEnabled>
                  <openolatCss>true</openolatCss>
                </org.olat.core.gui.control.generic.iframe.DeliveryOptions>
              </entry>
              <entry>
                <string>configversion</string>
                <int>8</int>
              </entry>
            </config>
          </moduleConfiguration>
          <noAccessExplanation>This course element is not accessible.</noAccessExplanation>
          <preConditionVisibility>
            <expertMode>false</expertMode>
            <easyModeCoachesAndAdmins>false</easyModeCoachesAndAdmins>
            <easyModeAlwaysAllowCoachesAndAdmins>false</easyModeAlwaysAllowCoachesAndAdmins>
            <assessmentMode>false</assessmentMode>
            <assessmentModeViewResults>false</assessmentModeViewResults>
          </preConditionVisibility>
          <additionalConditions>
            <org.olat.course.condition.additionalconditions.PasswordCondition>
              <expertMode>false</expertMode>
              <easyModeCoachesAndAdmins>false</easyModeCoachesAndAdmins>
              <easyModeAlwaysAllowCoachesAndAdmins>false</easyModeAlwaysAllowCoachesAndAdmins>
              <assessmentMode>false</assessmentMode>
              <assessmentModeViewResults>false</assessmentModeViewResults>
            </org.olat.course.condition.additionalconditions.PasswordCondition>
          </additionalConditions>
          <preConditionAccess>
            <expertMode>false</expertMode>
            <easyModeCoachesAndAdmins>false</easyModeCoachesAndAdmins>
            <easyModeAlwaysAllowCoachesAndAdmins>false</easyModeAlwaysAllowCoachesAndAdmins>
            <assessmentMode>false</assessmentMode>
            <assessmentModeViewResults>false</assessmentModeViewResults>
          </preConditionAccess>
          <scoreCalculator>
            <expertMode>false</expertMode>
            <passedCutValue>0</passedCutValue>
            <failedType>failedAsNotPassedAfterEndDate</failedType>
          </scoreCalculator>
        </cn>
        <dirty>false</dirty>
        <deleted>false</deleted>
        <newnode>false</newnode>
      </org.olat.course.tree.CourseEditorTreeNode>
      <org.olat.course.tree.CourseEditorTreeNode>
        <ident>106286586031329</ident>
        <parent class="org.olat.course.tree.CourseEditorTreeNode" reference="../../.."/>
        <accessible>true</accessible>
        <selected>false</selected>
        <cn class="org.olat.course.nodes.SPCourseNode">
          <ident>106286586031329</ident>
          <type>sp</type>
          <shortTitle></shortTitle>
          <longTitle>FAQ</longTitle>
          <description>&lt;p&gt;Dies ist eine Ansammlung der am häufigsten gstellten Fragen, damit das Forum nicht überflutet wird.&lt;/p&gt;</description>
          <objectives></objectives>
          <instruction></instruction>
          <instructionalDesign></instructionalDesign>
          <displayOption>title+desc+content</displayOption>
          <teaserImageSource class="ImageSource">
            <type>course</type>
          </teaserImageSource>
          <teaserImageStyle>course</teaserImageStyle>
          <colorCategoryIdentifier>inherited</colorCategoryIdentifier>
          <moduleConfiguration>
            <config>
              <entry>
                <string>startpage</string>
                <string>false</string>
              </entry>
              <entry>
                <string>file</string>
                <string>/faq/faq.html</string>
              </entry>
              <entry>
                <string>allowRelativeLinks</string>
                <string>false</string>
              </entry>
              <entry>
                <string>deliveryOptions</string>
                <org.olat.core.gui.control.generic.iframe.DeliveryOptions>
                  <standardMode>false</standardMode>
                  <jQueryEnabled>true</jQueryEnabled>
                  <glossaryEnabled>true</glossaryEnabled>
                  <openolatCss>true</openolatCss>
                </org.olat.core.gui.control.generic.iframe.DeliveryOptions>
              </entry>
              <entry>
                <string>configversion</string>
                <int>4</int>
              </entry>
            </config>
          </moduleConfiguration>
          <noAccessExplanation>This course element is not accessible.</noAccessExplanation>
          <preConditionVisibility>
            <expertMode>false</expertMode>
            <easyModeCoachesAndAdmins>false</easyModeCoachesAndAdmins>
            <easyModeAlwaysAllowCoachesAndAdmins>false</easyModeAlwaysAllowCoachesAndAdmins>
            <assessmentMode>false</assessmentMode>
            <assessmentModeViewResults>false</assessmentModeViewResults>
          </preConditionVisibility>
          <additionalConditions/>
          <preConditionAccess>
            <expertMode>false</expertMode>
            <easyModeCoachesAndAdmins>false</easyModeCoachesAndAdmins>
            <easyModeAlwaysAllowCoachesAndAdmins>false</easyModeAlwaysAllowCoachesAndAdmins>
            <assessmentMode>false</assessmentMode>
            <assessmentModeViewResults>false</assessmentModeViewResults>
          </preConditionAccess>
        </cn>
        <dirty>false</dirty>
        <deleted>false</deleted>
        <newnode>false</newnode>
      </org.olat.course.tree.CourseEditorTreeNode>
      <org.olat.course.tree.CourseEditorTreeNode>
        <ident>106286586031326</ident>
        <parent class="org.olat.course.tree.CourseEditorTreeNode" reference="../../.."/>
        <accessible>true</accessible>
        <selected>false</selected>
        <cn class="org.olat.course.nodes.FOCourseNode">
          <ident>106286586031326</ident>
          <type>fo</type>
          <shortTitle></shortTitle>
          <longTitle>Forum</longTitle>
          <description>&lt;p&gt;Wichtig! Zuerst in den FAQs nachschauen ob die Frage beantwortet ist. Dann schauen ob jemand vor Dir bereits die selbe Frage gestellt hat. Falls dies alles keine Antwort bringt kannst Du gerne im Forum nachfragen.&lt;/p&gt;</description>
          <objectives></objectives>
          <instruction></instruction>
          <instructionalDesign></instructionalDesign>
          <displayOption>title+desc+content</displayOption>
          <teaserImageSource class="ImageSource">
            <type>course</type>
          </teaserImageSource>
          <teaserImageStyle>course</teaserImageStyle>
          <colorCategoryIdentifier>inherited</colorCategoryIdentifier>
          <moduleConfiguration>
            <config>
              <entry>
                <string>pseudonym.post.default</string>
                <string>false</string>
              </entry>
              <entry>
                <string>pseudonym.post.allowed</string>
                <string>false</string>
              </entry>
              <entry>
                <string>guest.post.allowed</string>
                <string>false</string>
              </entry>
              <entry>
                <string>startpage</string>
                <string>false</string>
              </entry>
              <entry>
                <string>node.right.post</string>
                <NodeRight>
                  <typeIdentifier>post</typeIdentifier>
                  <editMode>regular</editMode>
                  <grants class="list">
                    <NodeRightGrant>
                      <role>coach</role>
                    </NodeRightGrant>
                    <NodeRightGrant>
                      <role>participant</role>
                    </NodeRightGrant>
                  </grants>
                </NodeRight>
              </entry>
              <entry>
                <string>node.right.moderate</string>
                <NodeRight>
                  <typeIdentifier>moderate</typeIdentifier>
                  <editMode>regular</editMode>
                  <grants class="list">
                    <NodeRightGrant>
                      <role>coach</role>
                    </NodeRightGrant>
                  </grants>
                </NodeRight>
              </entry>
              <entry>
                <string>configversion</string>
                <int>6</int>
              </entry>
            </config>
          </moduleConfiguration>
          <noAccessExplanation>This course element is not accessible.</noAccessExplanation>
          <preConditionVisibility>
            <expertMode>false</expertMode>
            <easyModeCoachesAndAdmins>false</easyModeCoachesAndAdmins>
            <easyModeAlwaysAllowCoachesAndAdmins>false</easyModeAlwaysAllowCoachesAndAdmins>
            <assessmentMode>false</assessmentMode>
            <assessmentModeViewResults>false</assessmentModeViewResults>
          </preConditionVisibility>
          <additionalConditions/>
          <preConditionAccess>
            <expertMode>false</expertMode>
            <easyModeCoachesAndAdmins>false</easyModeCoachesAndAdmins>
            <easyModeAlwaysAllowCoachesAndAdmins>false</easyModeAlwaysAllowCoachesAndAdmins>
            <assessmentMode>false</assessmentMode>
            <assessmentModeViewResults>false</assessmentModeViewResults>
          </preConditionAccess>
        </cn>
        <dirty>false</dirty>
        <deleted>false</deleted>
        <newnode>false</newnode>
      </org.olat.course.tree.CourseEditorTreeNode>
    </children>
    <accessible>true</accessible>
    <selected>false</selected>
    <cn class="org.olat.course.nodes.STCourseNode" reference="../children/org.olat.course.tree.CourseEditorTreeNode[2]/cn/parent"/>
    <dirty>false</dirty>
    <deleted>false</deleted>
    <newnode>false</newnode>
  </rootNode>
  <latestPublishTimestamp>1660742130847</latestPublishTimestamp>
  <highestNodeId>9223372036853775807</highestNodeId>
  <version>3</version>
</org.olat.course.tree.CourseEditorTreeModel>