<?xml version="1.0" encoding="UTF-8"?>
<org.olat.course.Structure>
  <rootNode class="org.olat.course.nodes.STCourseNode">
    <ident>104169730627906</ident>
    <children>
      <org.olat.course.nodes.SPCourseNode>
        <ident>104169730627922</ident>
        <parent class="org.olat.course.nodes.STCourseNode" reference="../../.."/>
        <type>sp</type>
        <shortTitle></shortTitle>
        <longTitle>Willkommen</longTitle>
        <description>&lt;p&gt;Herzlich Willkommen zum Kurs &amp;#34;&lt;strong&gt;Teambuilding - together everyone achieves more&lt;/strong&gt;&amp;#34;.&lt;/p&gt;&#xd;
&lt;p&gt; &lt;/p&gt;</description>
        <objectives>&lt;p&gt;In der folgenden Woche wird dieser Kurs Sie begleiten und ihnen die Methoden des Teambuildings näher bringen.&lt;/p&gt;</objectives>
        <instruction>&lt;p&gt;Jeden Tag (Montag - Donnerstag) soll eines der Kapitel bearbeitet werden und ist für das Seminar am nächsten Tag relevant. Am Ende des Kurses finden Sie auch ein kleines Büroquiz und den Termin für unser abschliessendes Event!&lt;/p&gt;</instruction>
        <instructionalDesign></instructionalDesign>
        <displayOption>title+desc+content</displayOption>
        <teaserImageSource class="ImageSource">
          <type>course</type>
        </teaserImageSource>
        <teaserImageStyle>course</teaserImageStyle>
        <colorCategoryIdentifier>inherited</colorCategoryIdentifier>
        <moduleConfiguration>
          <config>
            <entry>
              <string>lp.configversion</string>
              <int>2</int>
            </entry>
            <entry>
              <string>startpage</string>
              <string>false</string>
            </entry>
            <entry>
              <string>file</string>
              <string>/willkommen/willkommen.html</string>
            </entry>
            <entry>
              <string>fully.assessed.trigger</string>
              <string>confirmed</string>
            </entry>
            <entry>
              <string>obligation</string>
              <string>mandatory</string>
            </entry>
            <entry>
              <string>lp.rel.dates</string>
              <string>false</string>
            </entry>
            <entry>
              <string>allowRelativeLinks</string>
              <string>false</string>
            </entry>
            <entry>
              <string>deliveryOptions</string>
              <org.olat.core.gui.control.generic.iframe.DeliveryOptions>
                <standardMode>false</standardMode>
                <jQueryEnabled>true</jQueryEnabled>
                <glossaryEnabled>true</glossaryEnabled>
                <openolatCss>true</openolatCss>
              </org.olat.core.gui.control.generic.iframe.DeliveryOptions>
            </entry>
            <entry>
              <string>configversion</string>
              <int>4</int>
            </entry>
          </config>
        </moduleConfiguration>
        <noAccessExplanation>Dieses Kurselement ist nicht zugänglich.</noAccessExplanation>
        <preConditionVisibility>
          <expertMode>false</expertMode>
          <easyModeCoachesAndAdmins>false</easyModeCoachesAndAdmins>
          <easyModeAlwaysAllowCoachesAndAdmins>false</easyModeAlwaysAllowCoachesAndAdmins>
          <assessmentMode>false</assessmentMode>
          <assessmentModeViewResults>false</assessmentModeViewResults>
        </preConditionVisibility>
        <additionalConditions/>
        <preConditionAccess>
          <expertMode>false</expertMode>
          <easyModeCoachesAndAdmins>false</easyModeCoachesAndAdmins>
          <easyModeAlwaysAllowCoachesAndAdmins>false</easyModeAlwaysAllowCoachesAndAdmins>
          <assessmentMode>false</assessmentMode>
          <assessmentModeViewResults>false</assessmentModeViewResults>
        </preConditionAccess>
      </org.olat.course.nodes.SPCourseNode>
      <org.olat.course.nodes.SPCourseNode>
        <ident>104169730627933</ident>
        <parent class="org.olat.course.nodes.STCourseNode" reference="../../.."/>
        <type>sp</type>
        <shortTitle>Lernziele</shortTitle>
        <longTitle>Lernziele</longTitle>
        <learningObjectives></learningObjectives>
        <displayOption>title+content</displayOption>
        <moduleConfiguration>
          <config>
            <entry>
              <string>lp.configversion</string>
              <int>2</int>
            </entry>
            <entry>
              <string>startpage</string>
              <string>false</string>
            </entry>
            <entry>
              <string>file</string>
              <string>/lernziele/lernziele.html</string>
            </entry>
            <entry>
              <string>fully.assessed.trigger</string>
              <string>confirmed</string>
            </entry>
            <entry>
              <string>obligation</string>
              <string>mandatory</string>
            </entry>
            <entry>
              <string>lp.rel.dates</string>
              <string>false</string>
            </entry>
            <entry>
              <string>allowRelativeLinks</string>
              <string>false</string>
            </entry>
            <entry>
              <string>deliveryOptions</string>
              <org.olat.core.gui.control.generic.iframe.DeliveryOptions>
                <standardMode>false</standardMode>
                <jQueryEnabled>true</jQueryEnabled>
                <glossaryEnabled>true</glossaryEnabled>
                <openolatCss>true</openolatCss>
              </org.olat.core.gui.control.generic.iframe.DeliveryOptions>
            </entry>
            <entry>
              <string>configversion</string>
              <int>4</int>
            </entry>
          </config>
        </moduleConfiguration>
        <noAccessExplanation>Dieses Kurselement ist nicht zugänglich.</noAccessExplanation>
        <preConditionVisibility>
          <expertMode>false</expertMode>
          <easyModeCoachesAndAdmins>false</easyModeCoachesAndAdmins>
          <easyModeAlwaysAllowCoachesAndAdmins>false</easyModeAlwaysAllowCoachesAndAdmins>
          <assessmentMode>false</assessmentMode>
          <assessmentModeViewResults>false</assessmentModeViewResults>
        </preConditionVisibility>
        <additionalConditions/>
        <preConditionAccess>
          <expertMode>false</expertMode>
          <easyModeCoachesAndAdmins>false</easyModeCoachesAndAdmins>
          <easyModeAlwaysAllowCoachesAndAdmins>false</easyModeAlwaysAllowCoachesAndAdmins>
          <assessmentMode>false</assessmentMode>
          <assessmentModeViewResults>false</assessmentModeViewResults>
        </preConditionAccess>
      </org.olat.course.nodes.SPCourseNode>
      <org.olat.course.nodes.STCourseNode>
        <ident>104169730695609</ident>
        <parent class="org.olat.course.nodes.STCourseNode" reference="../../.."/>
        <children>
          <org.olat.course.nodes.SPCourseNode>
            <ident>104169730695640</ident>
            <parent class="org.olat.course.nodes.STCourseNode" reference="../../.."/>
            <type>sp</type>
            <shortTitle>Der 1. Schritt</shortTitle>
            <longTitle>Stärken und Schwächen erkennen</longTitle>
            <learningObjectives></learningObjectives>
            <displayOption>title+content</displayOption>
            <moduleConfiguration>
              <config>
                <entry>
                  <string>lp.configversion</string>
                  <int>2</int>
                </entry>
                <entry>
                  <string>startpage</string>
                  <string>false</string>
                </entry>
                <entry>
                  <string>file</string>
                  <string>/stärken und schwächen/stärken und schwächen.html</string>
                </entry>
                <entry>
                  <string>fully.assessed.trigger</string>
                  <string>confirmed</string>
                </entry>
                <entry>
                  <string>obligation</string>
                  <string>mandatory</string>
                </entry>
                <entry>
                  <string>lp.rel.dates</string>
                  <string>false</string>
                </entry>
                <entry>
                  <string>allowRelativeLinks</string>
                  <string>false</string>
                </entry>
                <entry>
                  <string>deliveryOptions</string>
                  <org.olat.core.gui.control.generic.iframe.DeliveryOptions>
                    <standardMode>false</standardMode>
                    <jQueryEnabled>true</jQueryEnabled>
                    <glossaryEnabled>true</glossaryEnabled>
                    <openolatCss>true</openolatCss>
                  </org.olat.core.gui.control.generic.iframe.DeliveryOptions>
                </entry>
                <entry>
                  <string>configversion</string>
                  <int>4</int>
                </entry>
              </config>
            </moduleConfiguration>
            <noAccessExplanation>Dieses Kurselement ist nicht zugänglich.</noAccessExplanation>
            <preConditionVisibility>
              <expertMode>false</expertMode>
              <easyModeCoachesAndAdmins>false</easyModeCoachesAndAdmins>
              <easyModeAlwaysAllowCoachesAndAdmins>false</easyModeAlwaysAllowCoachesAndAdmins>
              <assessmentMode>false</assessmentMode>
              <assessmentModeViewResults>false</assessmentModeViewResults>
            </preConditionVisibility>
            <additionalConditions/>
            <preConditionAccess>
              <expertMode>false</expertMode>
              <easyModeCoachesAndAdmins>false</easyModeCoachesAndAdmins>
              <easyModeAlwaysAllowCoachesAndAdmins>false</easyModeAlwaysAllowCoachesAndAdmins>
              <assessmentMode>false</assessmentMode>
              <assessmentModeViewResults>false</assessmentModeViewResults>
            </preConditionAccess>
          </org.olat.course.nodes.SPCourseNode>
          <org.olat.course.nodes.GTACourseNode>
            <ident>104169730696334</ident>
            <parent class="org.olat.course.nodes.STCourseNode" reference="../../.."/>
            <type>ita</type>
            <shortTitle>Der 2. Schritt</shortTitle>
            <longTitle>Stärken und Schwächen erfassen</longTitle>
            <learningObjectives></learningObjectives>
            <displayOption>title+desc+content</displayOption>
            <moduleConfiguration>
              <config>
                <entry>
                  <string>grouptask.preview</string>
                  <string>false</string>
                </entry>
                <entry>
                  <string>grouptask.coach.allowed.upload.tasks</string>
                  <string>false</string>
                </entry>
                <entry>
                  <string>grouptask.embbeded.editor</string>
                  <string>true</string>
                </entry>
                <entry>
                  <string>grouptask.obligation</string>
                  <string>mandatory</string>
                </entry>
                <entry>
                  <string>grouptask.external.editor</string>
                  <string>true</string>
                </entry>
                <entry>
                  <string>hasCommentField</string>
                  <boolean>true</boolean>
                </entry>
                <entry>
                  <string>configversion</string>
                  <int>2</int>
                </entry>
                <entry>
                  <string>lp.configversion</string>
                  <int>2</int>
                </entry>
                <entry>
                  <string>grouptask.assignement</string>
                  <string>true</string>
                </entry>
                <entry>
                  <string>lp.rel.dates</string>
                  <string>false</string>
                </entry>
                <entry>
                  <string>hasScoreField</string>
                  <boolean>false</boolean>
                </entry>
                <entry>
                  <string>grouptask.revision.period</string>
                  <string>false</string>
                </entry>
                <entry>
                  <string>grouptask.sampling</string>
                  <string>reuse</string>
                </entry>
                <entry>
                  <string>grouptask.solution</string>
                  <string>false</string>
                </entry>
                <entry>
                  <string>grouptask.areas</string>
                  <null/>
                </entry>
                <entry>
                  <string>grouptask.assignement.type</string>
                  <string>auto</string>
                </entry>
                <entry>
                  <string>grouptask.min.submitted.docs</string>
                  <int>1</int>
                </entry>
                <entry>
                  <string>grouptask.rel.dates</string>
                  <string>false</string>
                </entry>
                <entry>
                  <string>grouptask.submission.template</string>
                  <string>false</string>
                </entry>
                <entry>
                  <string>grouptask.groups</string>
                  <null/>
                </entry>
                <entry>
                  <string>grouptask.grading</string>
                  <string>false</string>
                </entry>
                <entry>
                  <string>scoreMin</string>
                  <float>0.0</float>
                </entry>
                <entry>
                  <string>hasPassedField</string>
                  <boolean>true</boolean>
                </entry>
                <entry>
                  <string>fully.assessed.trigger</string>
                  <string>confirmed</string>
                </entry>
                <entry>
                  <string>grouptask.review.and.correction</string>
                  <string>false</string>
                </entry>
                <entry>
                  <string>grouptask.submit</string>
                  <string>false</string>
                </entry>
                <entry>
                  <string>grouptask.type</string>
                  <string>individual</string>
                </entry>
                <entry>
                  <string>scoreMax</string>
                  <float>0.0</float>
                </entry>
              </config>
            </moduleConfiguration>
            <noAccessExplanation>Dieses Kurselement ist nicht zugänglich.</noAccessExplanation>
            <preConditionVisibility>
              <expertMode>false</expertMode>
              <easyModeCoachesAndAdmins>false</easyModeCoachesAndAdmins>
              <easyModeAlwaysAllowCoachesAndAdmins>false</easyModeAlwaysAllowCoachesAndAdmins>
              <assessmentMode>false</assessmentMode>
              <assessmentModeViewResults>false</assessmentModeViewResults>
            </preConditionVisibility>
            <additionalConditions/>
            <preConditionAccess>
              <expertMode>false</expertMode>
              <easyModeCoachesAndAdmins>false</easyModeCoachesAndAdmins>
              <easyModeAlwaysAllowCoachesAndAdmins>false</easyModeAlwaysAllowCoachesAndAdmins>
              <assessmentMode>false</assessmentMode>
              <assessmentModeViewResults>false</assessmentModeViewResults>
            </preConditionAccess>
          </org.olat.course.nodes.GTACourseNode>
        </children>
        <type>st</type>
        <shortTitle>Mo - Stärken &amp; Schwächen</shortTitle>
        <longTitle></longTitle>
        <learningObjectives></learningObjectives>
        <displayOption>title+desc+content</displayOption>
        <moduleConfiguration>
          <config>
            <entry>
              <string>columns</string>
              <int>2</int>
            </entry>
            <entry>
              <string>display</string>
              <string>delegate</string>
            </entry>
            <entry>
              <string>coach.user.visibility</string>
              <string>true</string>
            </entry>
            <entry>
              <string>score.calculator.supported</string>
              <string>false</string>
            </entry>
            <entry>
              <string>peekview.filter</string>
              <string>all</string>
            </entry>
            <entry>
              <string>coach.user.grade.apply</string>
              <string>true</string>
            </entry>
            <entry>
              <string>allowRelativeLinks</string>
              <string>false</string>
            </entry>
            <entry>
              <string>deliveryOptions</string>
              <org.olat.core.gui.control.generic.iframe.DeliveryOptions>
                <standardMode>false</standardMode>
                <jQueryEnabled>true</jQueryEnabled>
                <glossaryEnabled>true</glossaryEnabled>
                <openolatCss>true</openolatCss>
              </org.olat.core.gui.control.generic.iframe.DeliveryOptions>
            </entry>
            <entry>
              <string>configversion</string>
              <int>8</int>
            </entry>
            <entry>
              <string>learning.path.sequence</string>
              <string>learning.path.sequence.without</string>
            </entry>
            <entry>
              <string>children.filter</string>
              <string>all</string>
            </entry>
            <entry>
              <string>lp.st.configversion</string>
              <int>1</int>
            </entry>
            <entry>
              <string>lp.obligation</string>
              <string>evaluated</string>
            </entry>
          </config>
        </moduleConfiguration>
        <noAccessExplanation>Dieses Kurselement ist nicht zugänglich.</noAccessExplanation>
        <preConditionVisibility>
          <expertMode>false</expertMode>
          <easyModeCoachesAndAdmins>false</easyModeCoachesAndAdmins>
          <easyModeAlwaysAllowCoachesAndAdmins>false</easyModeAlwaysAllowCoachesAndAdmins>
          <assessmentMode>false</assessmentMode>
          <assessmentModeViewResults>false</assessmentModeViewResults>
        </preConditionVisibility>
        <additionalConditions/>
        <preConditionAccess>
          <expertMode>false</expertMode>
          <easyModeCoachesAndAdmins>false</easyModeCoachesAndAdmins>
          <easyModeAlwaysAllowCoachesAndAdmins>false</easyModeAlwaysAllowCoachesAndAdmins>
          <assessmentMode>false</assessmentMode>
          <assessmentModeViewResults>false</assessmentModeViewResults>
        </preConditionAccess>
        <scoreCalculator>
          <expertMode>false</expertMode>
          <passedCutValue>0</passedCutValue>
          <failedType>failedAsNotPassedAfterEndDate</failedType>
        </scoreCalculator>
      </org.olat.course.nodes.STCourseNode>
      <org.olat.course.nodes.STCourseNode>
        <ident>104169730627951</ident>
        <parent class="org.olat.course.nodes.STCourseNode" reference="../../.."/>
        <children>
          <org.olat.course.nodes.SPCourseNode>
            <ident>104169730628040</ident>
            <parent class="org.olat.course.nodes.STCourseNode" reference="../../.."/>
            <type>sp</type>
            <shortTitle>Rollen nach Belbin</shortTitle>
            <longTitle>Teamrollen nach Belbin</longTitle>
            <learningObjectives></learningObjectives>
            <displayOption>title+content</displayOption>
            <moduleConfiguration>
              <config>
                <entry>
                  <string>lp.configversion</string>
                  <int>2</int>
                </entry>
                <entry>
                  <string>startpage</string>
                  <string>false</string>
                </entry>
                <entry>
                  <string>file</string>
                  <string>/teamrollen belbin/teamrollen belbin.html</string>
                </entry>
                <entry>
                  <string>fully.assessed.trigger</string>
                  <string>confirmed</string>
                </entry>
                <entry>
                  <string>obligation</string>
                  <string>mandatory</string>
                </entry>
                <entry>
                  <string>lp.rel.dates</string>
                  <string>false</string>
                </entry>
                <entry>
                  <string>allowRelativeLinks</string>
                  <string>false</string>
                </entry>
                <entry>
                  <string>deliveryOptions</string>
                  <org.olat.core.gui.control.generic.iframe.DeliveryOptions>
                    <standardMode>false</standardMode>
                    <jQueryEnabled>true</jQueryEnabled>
                    <glossaryEnabled>true</glossaryEnabled>
                    <openolatCss>true</openolatCss>
                  </org.olat.core.gui.control.generic.iframe.DeliveryOptions>
                </entry>
                <entry>
                  <string>configversion</string>
                  <int>4</int>
                </entry>
              </config>
            </moduleConfiguration>
            <noAccessExplanation>Dieses Kurselement ist nicht zugänglich.</noAccessExplanation>
            <preConditionVisibility>
              <expertMode>false</expertMode>
              <easyModeCoachesAndAdmins>false</easyModeCoachesAndAdmins>
              <easyModeAlwaysAllowCoachesAndAdmins>false</easyModeAlwaysAllowCoachesAndAdmins>
              <assessmentMode>false</assessmentMode>
              <assessmentModeViewResults>false</assessmentModeViewResults>
            </preConditionVisibility>
            <additionalConditions/>
            <preConditionAccess>
              <expertMode>false</expertMode>
              <easyModeCoachesAndAdmins>false</easyModeCoachesAndAdmins>
              <easyModeAlwaysAllowCoachesAndAdmins>false</easyModeAlwaysAllowCoachesAndAdmins>
              <assessmentMode>false</assessmentMode>
              <assessmentModeViewResults>false</assessmentModeViewResults>
            </preConditionAccess>
          </org.olat.course.nodes.SPCourseNode>
          <org.olat.course.nodes.GTACourseNode>
            <ident>104169730627977</ident>
            <parent class="org.olat.course.nodes.STCourseNode" reference="../../.."/>
            <type>ita</type>
            <shortTitle>Selbsteinschätzung</shortTitle>
            <longTitle>Meine Rolle im Team</longTitle>
            <learningObjectives></learningObjectives>
            <displayOption>title+desc+content</displayOption>
            <moduleConfiguration>
              <config>
                <entry>
                  <string>ignoreInCourseAssessment</string>
                  <string>false</string>
                </entry>
                <entry>
                  <string>grouptask.preview</string>
                  <string>false</string>
                </entry>
                <entry>
                  <string>grouptask.submission.mail.confirmation</string>
                  <string>false</string>
                </entry>
                <entry>
                  <string>grouptask.coach.allowed.upload.tasks</string>
                  <string>false</string>
                </entry>
                <entry>
                  <string>grouptask.embbeded.editor</string>
                  <string>true</string>
                </entry>
                <entry>
                  <string>grouptask.obligation</string>
                  <string>mandatory</string>
                </entry>
                <entry>
                  <string>hasIndividualAsssessmentDocs</string>
                  <string>false</string>
                </entry>
                <entry>
                  <string>grouptask.external.editor</string>
                  <string>true</string>
                </entry>
                <entry>
                  <string>hasCommentField</string>
                  <boolean>true</boolean>
                </entry>
                <entry>
                  <string>configversion</string>
                  <int>2</int>
                </entry>
                <entry>
                  <string>lp.configversion</string>
                  <int>2</int>
                </entry>
                <entry>
                  <string>grouptask.assignement</string>
                  <string>true</string>
                </entry>
                <entry>
                  <string>grouptask.submission.text</string>
                  <string>&lt;p&gt;Hiermit wird bestätigt, dass $firstName $lastName ($email) $numberOfFiles Datei(en) ($filename) am $date um $time hochgeladen hat.&lt;/p&gt;</string>
                </entry>
                <entry>
                  <string>lp.rel.dates</string>
                  <string>false</string>
                </entry>
                <entry>
                  <string>hasScoreField</string>
                  <boolean>false</boolean>
                </entry>
                <entry>
                  <string>grouptask.revision.period</string>
                  <string>false</string>
                </entry>
                <entry>
                  <string>grouptask.sampling</string>
                  <string>reuse</string>
                </entry>
                <entry>
                  <string>grouptask.solution</string>
                  <string>false</string>
                </entry>
                <entry>
                  <string>grouptask.areas</string>
                  <null/>
                </entry>
                <entry>
                  <string>grouptask.assignement.type</string>
                  <string>auto</string>
                </entry>
                <entry>
                  <string>grouptask.min.submitted.docs</string>
                  <int>1</int>
                </entry>
                <entry>
                  <string>grouptask.rel.dates</string>
                  <string>false</string>
                </entry>
                <entry>
                  <string>grouptask.submission.template</string>
                  <string>true</string>
                </entry>
                <entry>
                  <string>grouptask.groups</string>
                  <null/>
                </entry>
                <entry>
                  <string>grouptask.grading</string>
                  <string>false</string>
                </entry>
                <entry>
                  <string>hasPassedField</string>
                  <boolean>false</boolean>
                </entry>
                <entry>
                  <string>fully.assessed.trigger</string>
                  <string>confirmed</string>
                </entry>
                <entry>
                  <string>grouptask.review.and.correction</string>
                  <string>false</string>
                </entry>
                <entry>
                  <string>grouptask.submit</string>
                  <string>false</string>
                </entry>
                <entry>
                  <string>grouptask.type</string>
                  <string>individual</string>
                </entry>
              </config>
            </moduleConfiguration>
            <noAccessExplanation>Dieses Kurselement ist nicht zugänglich.</noAccessExplanation>
            <preConditionVisibility>
              <expertMode>false</expertMode>
              <easyModeCoachesAndAdmins>false</easyModeCoachesAndAdmins>
              <easyModeAlwaysAllowCoachesAndAdmins>false</easyModeAlwaysAllowCoachesAndAdmins>
              <assessmentMode>false</assessmentMode>
              <assessmentModeViewResults>false</assessmentModeViewResults>
            </preConditionVisibility>
            <additionalConditions/>
            <preConditionAccess>
              <expertMode>false</expertMode>
              <easyModeCoachesAndAdmins>false</easyModeCoachesAndAdmins>
              <easyModeAlwaysAllowCoachesAndAdmins>false</easyModeAlwaysAllowCoachesAndAdmins>
              <assessmentMode>false</assessmentMode>
              <assessmentModeViewResults>false</assessmentModeViewResults>
            </preConditionAccess>
          </org.olat.course.nodes.GTACourseNode>
        </children>
        <type>st</type>
        <shortTitle>Di - Teamrollen</shortTitle>
        <longTitle></longTitle>
        <learningObjectives></learningObjectives>
        <displayOption>title+desc+content</displayOption>
        <moduleConfiguration>
          <config>
            <entry>
              <string>columns</string>
              <int>2</int>
            </entry>
            <entry>
              <string>display</string>
              <string>delegate</string>
            </entry>
            <entry>
              <string>coach.user.visibility</string>
              <string>true</string>
            </entry>
            <entry>
              <string>score.calculator.supported</string>
              <string>false</string>
            </entry>
            <entry>
              <string>peekview.filter</string>
              <string>all</string>
            </entry>
            <entry>
              <string>coach.user.grade.apply</string>
              <string>true</string>
            </entry>
            <entry>
              <string>allowRelativeLinks</string>
              <string>false</string>
            </entry>
            <entry>
              <string>deliveryOptions</string>
              <org.olat.core.gui.control.generic.iframe.DeliveryOptions>
                <standardMode>false</standardMode>
                <jQueryEnabled>true</jQueryEnabled>
                <glossaryEnabled>true</glossaryEnabled>
                <openolatCss>true</openolatCss>
              </org.olat.core.gui.control.generic.iframe.DeliveryOptions>
            </entry>
            <entry>
              <string>configversion</string>
              <int>8</int>
            </entry>
            <entry>
              <string>learning.path.sequence</string>
              <string>learning.path.sequence.without</string>
            </entry>
            <entry>
              <string>children.filter</string>
              <string>all</string>
            </entry>
            <entry>
              <string>lp.st.configversion</string>
              <int>1</int>
            </entry>
            <entry>
              <string>lp.obligation</string>
              <string>evaluated</string>
            </entry>
          </config>
        </moduleConfiguration>
        <noAccessExplanation>Dieses Kurselement ist nicht zugänglich.</noAccessExplanation>
        <preConditionVisibility>
          <expertMode>false</expertMode>
          <easyModeCoachesAndAdmins>false</easyModeCoachesAndAdmins>
          <easyModeAlwaysAllowCoachesAndAdmins>false</easyModeAlwaysAllowCoachesAndAdmins>
          <assessmentMode>false</assessmentMode>
          <assessmentModeViewResults>false</assessmentModeViewResults>
        </preConditionVisibility>
        <additionalConditions/>
        <preConditionAccess>
          <expertMode>false</expertMode>
          <easyModeCoachesAndAdmins>false</easyModeCoachesAndAdmins>
          <easyModeAlwaysAllowCoachesAndAdmins>false</easyModeAlwaysAllowCoachesAndAdmins>
          <assessmentMode>false</assessmentMode>
          <assessmentModeViewResults>false</assessmentModeViewResults>
        </preConditionAccess>
        <scoreCalculator>
          <expertMode>false</expertMode>
          <passedCutValue>0</passedCutValue>
          <failedType>failedAsNotPassedAfterEndDate</failedType>
        </scoreCalculator>
      </org.olat.course.nodes.STCourseNode>
      <org.olat.course.nodes.STCourseNode>
        <ident>104169730696623</ident>
        <parent class="org.olat.course.nodes.STCourseNode" reference="../../.."/>
        <children>
          <org.olat.course.nodes.SPCourseNode>
            <ident>104169730696668</ident>
            <parent class="org.olat.course.nodes.STCourseNode" reference="../../.."/>
            <type>sp</type>
            <shortTitle>Arten</shortTitle>
            <longTitle>Arten von Kritik</longTitle>
            <learningObjectives></learningObjectives>
            <displayOption>title+content</displayOption>
            <moduleConfiguration>
              <config>
                <entry>
                  <string>lp.configversion</string>
                  <int>2</int>
                </entry>
                <entry>
                  <string>startpage</string>
                  <string>false</string>
                </entry>
                <entry>
                  <string>file</string>
                  <string>/arten/arten.html</string>
                </entry>
                <entry>
                  <string>fully.assessed.trigger</string>
                  <string>confirmed</string>
                </entry>
                <entry>
                  <string>obligation</string>
                  <string>mandatory</string>
                </entry>
                <entry>
                  <string>lp.rel.dates</string>
                  <string>false</string>
                </entry>
                <entry>
                  <string>allowRelativeLinks</string>
                  <string>false</string>
                </entry>
                <entry>
                  <string>deliveryOptions</string>
                  <org.olat.core.gui.control.generic.iframe.DeliveryOptions>
                    <standardMode>false</standardMode>
                    <jQueryEnabled>true</jQueryEnabled>
                    <glossaryEnabled>true</glossaryEnabled>
                    <openolatCss>true</openolatCss>
                  </org.olat.core.gui.control.generic.iframe.DeliveryOptions>
                </entry>
                <entry>
                  <string>configversion</string>
                  <int>4</int>
                </entry>
              </config>
            </moduleConfiguration>
            <noAccessExplanation>Dieses Kurselement ist nicht zugänglich.</noAccessExplanation>
            <preConditionVisibility>
              <expertMode>false</expertMode>
              <easyModeCoachesAndAdmins>false</easyModeCoachesAndAdmins>
              <easyModeAlwaysAllowCoachesAndAdmins>false</easyModeAlwaysAllowCoachesAndAdmins>
              <assessmentMode>false</assessmentMode>
              <assessmentModeViewResults>false</assessmentModeViewResults>
            </preConditionVisibility>
            <additionalConditions/>
            <preConditionAccess>
              <expertMode>false</expertMode>
              <easyModeCoachesAndAdmins>false</easyModeCoachesAndAdmins>
              <easyModeAlwaysAllowCoachesAndAdmins>false</easyModeAlwaysAllowCoachesAndAdmins>
              <assessmentMode>false</assessmentMode>
              <assessmentModeViewResults>false</assessmentModeViewResults>
            </preConditionAccess>
          </org.olat.course.nodes.SPCourseNode>
          <org.olat.course.nodes.SPCourseNode>
            <ident>104169730696686</ident>
            <parent class="org.olat.course.nodes.STCourseNode" reference="../../.."/>
            <type>sp</type>
            <shortTitle>Rahmenbedingungen</shortTitle>
            <longTitle>Die richtigen Rahmenbedingungen</longTitle>
            <learningObjectives></learningObjectives>
            <displayOption>title+content</displayOption>
            <moduleConfiguration>
              <config>
                <entry>
                  <string>startpage</string>
                  <string>false</string>
                </entry>
                <entry>
                  <string>file</string>
                  <string>/rahmenbedingungen/rahmenbedingungen.html</string>
                </entry>
                <entry>
                  <string>allowRelativeLinks</string>
                  <string>false</string>
                </entry>
                <entry>
                  <string>deliveryOptions</string>
                  <org.olat.core.gui.control.generic.iframe.DeliveryOptions>
                    <standardMode>false</standardMode>
                    <jQueryEnabled>true</jQueryEnabled>
                    <glossaryEnabled>true</glossaryEnabled>
                    <openolatCss>true</openolatCss>
                  </org.olat.core.gui.control.generic.iframe.DeliveryOptions>
                </entry>
                <entry>
                  <string>configversion</string>
                  <int>4</int>
                </entry>
              </config>
            </moduleConfiguration>
            <noAccessExplanation>Dieses Kurselement ist nicht zugänglich.</noAccessExplanation>
            <preConditionVisibility>
              <expertMode>false</expertMode>
              <easyModeCoachesAndAdmins>false</easyModeCoachesAndAdmins>
              <easyModeAlwaysAllowCoachesAndAdmins>false</easyModeAlwaysAllowCoachesAndAdmins>
              <assessmentMode>false</assessmentMode>
              <assessmentModeViewResults>false</assessmentModeViewResults>
            </preConditionVisibility>
            <additionalConditions/>
            <preConditionAccess>
              <expertMode>false</expertMode>
              <easyModeCoachesAndAdmins>false</easyModeCoachesAndAdmins>
              <easyModeAlwaysAllowCoachesAndAdmins>false</easyModeAlwaysAllowCoachesAndAdmins>
              <assessmentMode>false</assessmentMode>
              <assessmentModeViewResults>false</assessmentModeViewResults>
            </preConditionAccess>
          </org.olat.course.nodes.SPCourseNode>
          <org.olat.course.nodes.DocumentCourseNode>
            <ident>104169730696861</ident>
            <parent class="org.olat.course.nodes.STCourseNode" reference="../../.."/>
            <type>document</type>
            <shortTitle>Schritte</shortTitle>
            <longTitle>In 4 Schritten zur konstruktiven Kritik</longTitle>
            <learningObjectives></learningObjectives>
            <displayOption>title+desc+content</displayOption>
            <moduleConfiguration>
              <config>
                <entry>
                  <string>doc.course.folder</string>
                  <string>schritte_kritik.pdf</string>
                </entry>
                <entry>
                  <string>configversion</string>
                  <int>3</int>
                </entry>
                <entry>
                  <string>height</string>
                  <string>auto</string>
                </entry>
              </config>
            </moduleConfiguration>
            <noAccessExplanation>Dieses Kurselement ist nicht zugänglich.</noAccessExplanation>
            <preConditionVisibility>
              <expertMode>false</expertMode>
              <easyModeCoachesAndAdmins>false</easyModeCoachesAndAdmins>
              <easyModeAlwaysAllowCoachesAndAdmins>false</easyModeAlwaysAllowCoachesAndAdmins>
              <assessmentMode>false</assessmentMode>
              <assessmentModeViewResults>false</assessmentModeViewResults>
            </preConditionVisibility>
            <additionalConditions/>
            <preConditionAccess>
              <expertMode>false</expertMode>
              <easyModeCoachesAndAdmins>false</easyModeCoachesAndAdmins>
              <easyModeAlwaysAllowCoachesAndAdmins>false</easyModeAlwaysAllowCoachesAndAdmins>
              <assessmentMode>false</assessmentMode>
              <assessmentModeViewResults>false</assessmentModeViewResults>
            </preConditionAccess>
          </org.olat.course.nodes.DocumentCourseNode>
          <org.olat.course.nodes.VideoCourseNode>
            <ident>104169730698088</ident>
            <parent class="org.olat.course.nodes.STCourseNode" reference="../../.."/>
            <type>video</type>
            <shortTitle>Umgang</shortTitle>
            <longTitle>Mit Kritik umgehen</longTitle>
            <learningObjectives></learningObjectives>
            <displayOption>title+desc+content</displayOption>
            <moduleConfiguration>
              <config>
                <entry>
                  <string>courseSpecificCommentsRatings</string>
                  <string>true</string>
                </entry>
                <entry>
                  <string>comments</string>
                  <string>false</string>
                </entry>
                <entry>
                  <string>descriptionSelect</string>
                  <string>none</string>
                </entry>
                <entry>
                  <string>rating</string>
                  <string>false</string>
                </entry>
                <entry>
                  <string>autoplay</string>
                  <string>false</string>
                </entry>
                <entry>
                  <string>reporef</string>
                  <string>test10_9_106413118565140</string>
                </entry>
              </config>
            </moduleConfiguration>
            <noAccessExplanation>Dieses Kurselement ist nicht zugänglich.</noAccessExplanation>
            <preConditionVisibility>
              <expertMode>false</expertMode>
              <easyModeCoachesAndAdmins>false</easyModeCoachesAndAdmins>
              <easyModeAlwaysAllowCoachesAndAdmins>false</easyModeAlwaysAllowCoachesAndAdmins>
              <assessmentMode>false</assessmentMode>
              <assessmentModeViewResults>false</assessmentModeViewResults>
            </preConditionVisibility>
            <additionalConditions/>
            <preConditionAccess>
              <expertMode>false</expertMode>
              <easyModeCoachesAndAdmins>false</easyModeCoachesAndAdmins>
              <easyModeAlwaysAllowCoachesAndAdmins>false</easyModeAlwaysAllowCoachesAndAdmins>
              <assessmentMode>false</assessmentMode>
              <assessmentModeViewResults>false</assessmentModeViewResults>
            </preConditionAccess>
          </org.olat.course.nodes.VideoCourseNode>
        </children>
        <type>st</type>
        <shortTitle>Mi - konstruktive Kritik</shortTitle>
        <longTitle>konstruktiv Kritik äussern</longTitle>
        <learningObjectives></learningObjectives>
        <displayOption>title+desc+content</displayOption>
        <moduleConfiguration>
          <config>
            <entry>
              <string>columns</string>
              <int>2</int>
            </entry>
            <entry>
              <string>display</string>
              <string>delegate</string>
            </entry>
            <entry>
              <string>coach.user.visibility</string>
              <string>true</string>
            </entry>
            <entry>
              <string>score.calculator.supported</string>
              <string>false</string>
            </entry>
            <entry>
              <string>peekview.filter</string>
              <string>all</string>
            </entry>
            <entry>
              <string>coach.user.grade.apply</string>
              <string>true</string>
            </entry>
            <entry>
              <string>allowRelativeLinks</string>
              <string>false</string>
            </entry>
            <entry>
              <string>deliveryOptions</string>
              <org.olat.core.gui.control.generic.iframe.DeliveryOptions>
                <standardMode>false</standardMode>
                <jQueryEnabled>true</jQueryEnabled>
                <glossaryEnabled>true</glossaryEnabled>
                <openolatCss>true</openolatCss>
              </org.olat.core.gui.control.generic.iframe.DeliveryOptions>
            </entry>
            <entry>
              <string>configversion</string>
              <int>8</int>
            </entry>
            <entry>
              <string>learning.path.sequence</string>
              <string>learning.path.sequence.without</string>
            </entry>
            <entry>
              <string>children.filter</string>
              <string>all</string>
            </entry>
            <entry>
              <string>lp.st.configversion</string>
              <int>1</int>
            </entry>
            <entry>
              <string>lp.obligation</string>
              <string>evaluated</string>
            </entry>
          </config>
        </moduleConfiguration>
        <noAccessExplanation>Dieses Kurselement ist nicht zugänglich.</noAccessExplanation>
        <preConditionVisibility>
          <expertMode>false</expertMode>
          <easyModeCoachesAndAdmins>false</easyModeCoachesAndAdmins>
          <easyModeAlwaysAllowCoachesAndAdmins>false</easyModeAlwaysAllowCoachesAndAdmins>
          <assessmentMode>false</assessmentMode>
          <assessmentModeViewResults>false</assessmentModeViewResults>
        </preConditionVisibility>
        <additionalConditions/>
        <preConditionAccess>
          <expertMode>false</expertMode>
          <easyModeCoachesAndAdmins>false</easyModeCoachesAndAdmins>
          <easyModeAlwaysAllowCoachesAndAdmins>false</easyModeAlwaysAllowCoachesAndAdmins>
          <assessmentMode>false</assessmentMode>
          <assessmentModeViewResults>false</assessmentModeViewResults>
        </preConditionAccess>
        <scoreCalculator>
          <expertMode>false</expertMode>
          <passedCutValue>0</passedCutValue>
          <failedType>failedAsNotPassedAfterEndDate</failedType>
        </scoreCalculator>
      </org.olat.course.nodes.STCourseNode>
      <org.olat.course.nodes.STCourseNode>
        <ident>104169730701019</ident>
        <parent class="org.olat.course.nodes.STCourseNode" reference="../../.."/>
        <children>
          <org.olat.course.nodes.SPCourseNode>
            <ident>104169730701090</ident>
            <parent class="org.olat.course.nodes.STCourseNode" reference="../../.."/>
            <type>sp</type>
            <shortTitle>Tipps</shortTitle>
            <longTitle>Tipps für eine erfolgreiche Teamarbeit</longTitle>
            <learningObjectives></learningObjectives>
            <displayOption>title+content</displayOption>
            <moduleConfiguration>
              <config>
                <entry>
                  <string>lp.configversion</string>
                  <int>2</int>
                </entry>
                <entry>
                  <string>startpage</string>
                  <string>false</string>
                </entry>
                <entry>
                  <string>file</string>
                  <string>/tipps/tipps.html</string>
                </entry>
                <entry>
                  <string>fully.assessed.trigger</string>
                  <string>confirmed</string>
                </entry>
                <entry>
                  <string>obligation</string>
                  <string>mandatory</string>
                </entry>
                <entry>
                  <string>lp.rel.dates</string>
                  <string>false</string>
                </entry>
                <entry>
                  <string>allowRelativeLinks</string>
                  <string>false</string>
                </entry>
                <entry>
                  <string>deliveryOptions</string>
                  <org.olat.core.gui.control.generic.iframe.DeliveryOptions>
                    <standardMode>false</standardMode>
                    <jQueryEnabled>true</jQueryEnabled>
                    <glossaryEnabled>true</glossaryEnabled>
                    <openolatCss>true</openolatCss>
                  </org.olat.core.gui.control.generic.iframe.DeliveryOptions>
                </entry>
                <entry>
                  <string>configversion</string>
                  <int>4</int>
                </entry>
              </config>
            </moduleConfiguration>
            <noAccessExplanation>Dieses Kurselement ist nicht zugänglich.</noAccessExplanation>
            <preConditionVisibility>
              <expertMode>false</expertMode>
              <easyModeCoachesAndAdmins>false</easyModeCoachesAndAdmins>
              <easyModeAlwaysAllowCoachesAndAdmins>false</easyModeAlwaysAllowCoachesAndAdmins>
              <assessmentMode>false</assessmentMode>
              <assessmentModeViewResults>false</assessmentModeViewResults>
            </preConditionVisibility>
            <additionalConditions/>
            <preConditionAccess>
              <expertMode>false</expertMode>
              <easyModeCoachesAndAdmins>false</easyModeCoachesAndAdmins>
              <easyModeAlwaysAllowCoachesAndAdmins>false</easyModeAlwaysAllowCoachesAndAdmins>
              <assessmentMode>false</assessmentMode>
              <assessmentModeViewResults>false</assessmentModeViewResults>
            </preConditionAccess>
          </org.olat.course.nodes.SPCourseNode>
        </children>
        <type>st</type>
        <shortTitle>Do - gute Teamarbeit</shortTitle>
        <longTitle></longTitle>
        <learningObjectives></learningObjectives>
        <displayOption>title+desc+content</displayOption>
        <moduleConfiguration>
          <config>
            <entry>
              <string>columns</string>
              <int>2</int>
            </entry>
            <entry>
              <string>display</string>
              <string>delegate</string>
            </entry>
            <entry>
              <string>coach.user.visibility</string>
              <string>true</string>
            </entry>
            <entry>
              <string>score.calculator.supported</string>
              <string>false</string>
            </entry>
            <entry>
              <string>peekview.filter</string>
              <string>all</string>
            </entry>
            <entry>
              <string>coach.user.grade.apply</string>
              <string>true</string>
            </entry>
            <entry>
              <string>allowRelativeLinks</string>
              <string>false</string>
            </entry>
            <entry>
              <string>deliveryOptions</string>
              <org.olat.core.gui.control.generic.iframe.DeliveryOptions>
                <standardMode>false</standardMode>
                <jQueryEnabled>true</jQueryEnabled>
                <glossaryEnabled>true</glossaryEnabled>
                <openolatCss>true</openolatCss>
              </org.olat.core.gui.control.generic.iframe.DeliveryOptions>
            </entry>
            <entry>
              <string>configversion</string>
              <int>8</int>
            </entry>
            <entry>
              <string>learning.path.sequence</string>
              <string>learning.path.sequence.without</string>
            </entry>
            <entry>
              <string>children.filter</string>
              <string>all</string>
            </entry>
            <entry>
              <string>lp.st.configversion</string>
              <int>1</int>
            </entry>
            <entry>
              <string>lp.obligation</string>
              <string>evaluated</string>
            </entry>
          </config>
        </moduleConfiguration>
        <noAccessExplanation>Dieses Kurselement ist nicht zugänglich.</noAccessExplanation>
        <preConditionVisibility>
          <expertMode>false</expertMode>
          <easyModeCoachesAndAdmins>false</easyModeCoachesAndAdmins>
          <easyModeAlwaysAllowCoachesAndAdmins>false</easyModeAlwaysAllowCoachesAndAdmins>
          <assessmentMode>false</assessmentMode>
          <assessmentModeViewResults>false</assessmentModeViewResults>
        </preConditionVisibility>
        <additionalConditions/>
        <preConditionAccess>
          <expertMode>false</expertMode>
          <easyModeCoachesAndAdmins>false</easyModeCoachesAndAdmins>
          <easyModeAlwaysAllowCoachesAndAdmins>false</easyModeAlwaysAllowCoachesAndAdmins>
          <assessmentMode>false</assessmentMode>
          <assessmentModeViewResults>false</assessmentModeViewResults>
        </preConditionAccess>
        <scoreCalculator>
          <expertMode>false</expertMode>
          <passedCutValue>0</passedCutValue>
          <failedType>failedAsNotPassedAfterEndDate</failedType>
        </scoreCalculator>
      </org.olat.course.nodes.STCourseNode>
      <org.olat.course.nodes.SurveyCourseNode>
        <ident>104169730831491</ident>
        <parent class="org.olat.course.nodes.STCourseNode" reference="../../.."/>
        <type>survey</type>
        <shortTitle>Büroquiz</shortTitle>
        <longTitle>Büroquiz</longTitle>
        <learningObjectives></learningObjectives>
        <displayOption>title+desc+content</displayOption>
        <moduleConfiguration>
          <config>
            <entry>
              <string>node.right.report</string>
              <NodeRight>
                <typeIdentifier>report</typeIdentifier>
                <editMode>regular</editMode>
                <grants class="list">
                  <NodeRightGrant>
                    <role>owner</role>
                  </NodeRightGrant>
                  <NodeRightGrant>
                    <role>coach</role>
                  </NodeRightGrant>
                  <NodeRightGrant>
                    <role>participant</role>
                  </NodeRightGrant>
                </grants>
              </NodeRight>
            </entry>
            <entry>
              <string>repository.softkey</string>
              <string>test10_9_106413118565143</string>
            </entry>
            <entry>
              <string>node.right.execution</string>
              <NodeRight>
                <typeIdentifier>execution</typeIdentifier>
                <editMode>regular</editMode>
                <grants class="list">
                  <NodeRightGrant>
                    <role>owner</role>
                  </NodeRightGrant>
                  <NodeRightGrant>
                    <role>coach</role>
                  </NodeRightGrant>
                  <NodeRightGrant>
                    <role>participant</role>
                  </NodeRightGrant>
                </grants>
              </NodeRight>
            </entry>
            <entry>
              <string>configversion</string>
              <int>2</int>
            </entry>
          </config>
        </moduleConfiguration>
        <noAccessExplanation>Dieses Kurselement ist nicht zugänglich.</noAccessExplanation>
        <preConditionVisibility>
          <expertMode>false</expertMode>
          <easyModeCoachesAndAdmins>false</easyModeCoachesAndAdmins>
          <easyModeAlwaysAllowCoachesAndAdmins>false</easyModeAlwaysAllowCoachesAndAdmins>
          <assessmentMode>false</assessmentMode>
          <assessmentModeViewResults>false</assessmentModeViewResults>
        </preConditionVisibility>
        <additionalConditions/>
        <preConditionAccess>
          <expertMode>false</expertMode>
          <easyModeCoachesAndAdmins>false</easyModeCoachesAndAdmins>
          <easyModeAlwaysAllowCoachesAndAdmins>false</easyModeAlwaysAllowCoachesAndAdmins>
          <assessmentMode>false</assessmentMode>
          <assessmentModeViewResults>false</assessmentModeViewResults>
        </preConditionAccess>
      </org.olat.course.nodes.SurveyCourseNode>
      <org.olat.course.nodes.AppointmentsCourseNode>
        <ident>104169730697174</ident>
        <parent class="org.olat.course.nodes.STCourseNode" reference="../../.."/>
        <type>appointments</type>
        <shortTitle>Event</shortTitle>
        <longTitle>Das Teambuilding Event</longTitle>
        <description>&lt;p&gt;&lt;span style=&quot;font-size:14pt&quot;&gt;&lt;strong&gt;Achtung!&lt;/strong&gt;&lt;/span&gt;&lt;/p&gt;&#xd;
&lt;p&gt;&lt;span style=&quot;font-size:11pt&quot;&gt;Wenn Sie an unserem abschliessendem Event teilnehmen möchten, tragen Sie sich bitte unten ein.&lt;/span&gt;&lt;/p&gt;&#xd;
&lt;p&gt;&lt;span style=&quot;font-size:11pt&quot;&gt;Sie können selbstverständlich auch nur einen der beiden geplanten Termine auswählen. &lt;/span&gt;&lt;/p&gt;</description>
        <objectives></objectives>
        <instruction></instruction>
        <instructionalDesign></instructionalDesign>
        <displayOption>title+desc+content</displayOption>
        <moduleConfiguration>
          <config>
            <entry>
              <string>lp.configversion</string>
              <int>1</int>
            </entry>
            <entry>
              <string>fully.assessed.trigger</string>
              <string>confirmed</string>
            </entry>
            <entry>
              <string>obligation</string>
              <string>mandatory</string>
            </entry>
            <entry>
              <string>organizer.coach</string>
              <string>true</string>
            </entry>
            <entry>
              <string>organizer.ower</string>
              <string>true</string>
            </entry>
            <entry>
              <string>configversion</string>
              <int>3</int>
            </entry>
          </config>
        </moduleConfiguration>
        <noAccessExplanation>Dieses Kurselement ist nicht zugänglich.</noAccessExplanation>
        <preConditionVisibility>
          <expertMode>false</expertMode>
          <easyModeCoachesAndAdmins>false</easyModeCoachesAndAdmins>
          <easyModeAlwaysAllowCoachesAndAdmins>false</easyModeAlwaysAllowCoachesAndAdmins>
          <assessmentMode>false</assessmentMode>
          <assessmentModeViewResults>false</assessmentModeViewResults>
        </preConditionVisibility>
        <additionalConditions/>
        <preConditionAccess>
          <expertMode>false</expertMode>
          <easyModeCoachesAndAdmins>false</easyModeCoachesAndAdmins>
          <easyModeAlwaysAllowCoachesAndAdmins>false</easyModeAlwaysAllowCoachesAndAdmins>
          <assessmentMode>false</assessmentMode>
          <assessmentModeViewResults>false</assessmentModeViewResults>
        </preConditionAccess>
      </org.olat.course.nodes.AppointmentsCourseNode>
    </children>
    <type>st</type>
    <shortTitle>Teambuilding</shortTitle>
    <longTitle>Teambuilding - together everyone achieves more</longTitle>
    <learningObjectives></learningObjectives>
    <moduleConfiguration>
      <config>
        <entry>
          <string>columns</string>
          <int>2</int>
        </entry>
        <entry>
          <string>display</string>
          <string>delegate</string>
        </entry>
        <entry>
          <string>coach.user.visibility</string>
          <string>true</string>
        </entry>
        <entry>
          <string>score.calculator.supported</string>
          <string>false</string>
        </entry>
        <entry>
          <string>peekview.filter</string>
          <string>all</string>
        </entry>
        <entry>
          <string>coach.user.grade.apply</string>
          <string>true</string>
        </entry>
        <entry>
          <string>allowRelativeLinks</string>
          <string>false</string>
        </entry>
        <entry>
          <string>deliveryOptions</string>
          <org.olat.core.gui.control.generic.iframe.DeliveryOptions>
            <standardMode>false</standardMode>
            <jQueryEnabled>true</jQueryEnabled>
            <glossaryEnabled>true</glossaryEnabled>
            <openolatCss>true</openolatCss>
          </org.olat.core.gui.control.generic.iframe.DeliveryOptions>
        </entry>
        <entry>
          <string>configversion</string>
          <int>8</int>
        </entry>
        <entry>
          <string>learning.path.sequence</string>
          <string>learning.path.sequence.without</string>
        </entry>
        <entry>
          <string>children.filter</string>
          <string>all</string>
        </entry>
        <entry>
          <string>lp.st.configversion</string>
          <int>1</int>
        </entry>
        <entry>
          <string>score.key</string>
          <string>score.sum</string>
        </entry>
        <entry>
          <string>passed.progress</string>
          <string>true</string>
        </entry>
        <entry>
          <string>lp.obligation</string>
          <string>evaluated</string>
        </entry>
      </config>
    </moduleConfiguration>
    <preConditionVisibility>
      <expertMode>false</expertMode>
      <easyModeCoachesAndAdmins>false</easyModeCoachesAndAdmins>
      <easyModeAlwaysAllowCoachesAndAdmins>false</easyModeAlwaysAllowCoachesAndAdmins>
      <assessmentMode>false</assessmentMode>
      <assessmentModeViewResults>false</assessmentModeViewResults>
    </preConditionVisibility>
    <additionalConditions/>
    <preConditionAccess>
      <expertMode>false</expertMode>
      <easyModeCoachesAndAdmins>false</easyModeCoachesAndAdmins>
      <easyModeAlwaysAllowCoachesAndAdmins>false</easyModeAlwaysAllowCoachesAndAdmins>
      <assessmentMode>false</assessmentMode>
      <assessmentModeViewResults>false</assessmentModeViewResults>
    </preConditionAccess>
    <scoreCalculator>
      <expertMode>false</expertMode>
      <passedCutValue>0</passedCutValue>
      <failedType>failedAsNotPassedAfterEndDate</failedType>
    </scoreCalculator>
  </rootNode>
  <version>3</version>
</org.olat.course.Structure>