<?xml version="1.0" encoding="UTF-8"?>
<org.olat.course.Structure>
  <rootNode class="org.olat.course.nodes.STCourseNode">
    <ident>105253590214248</ident>
    <children>
      <org.olat.course.nodes.SPCourseNode>
        <ident>105253590214274</ident>
        <parent class="org.olat.course.nodes.STCourseNode" reference="../../.."/>
        <type>sp</type>
        <shortTitle></shortTitle>
        <longTitle>Willkommen</longTitle>
        <description>&lt;p&gt;Hinweis: Wie gelange ich zum nächsten Kursbaustein? Klicke die Lesebestätigung und drücke auf nächste Seite.&lt;/p&gt;</description>
        <objectives></objectives>
        <instruction></instruction>
        <instructionalDesign></instructionalDesign>
        <displayOption>title+desc+content</displayOption>
        <teaserImageSource class="ImageSource">
          <type>custom</type>
          <path>105253590214274</path>
          <filename>fire-protection-3593033__340.jpg</filename>
        </teaserImageSource>
        <teaserImageStyle>right</teaserImageStyle>
        <colorCategoryIdentifier>inherited</colorCategoryIdentifier>
        <moduleConfiguration>
          <config>
            <entry>
              <string>end.date.relative</string>
              <int>-1</int>
            </entry>
            <entry>
              <string>end.date.relative.to</string>
              <null/>
            </entry>
            <entry>
              <string>allowRelativeLinks</string>
              <string>false</string>
            </entry>
            <entry>
              <string>deliveryOptions</string>
              <org.olat.core.gui.control.generic.iframe.DeliveryOptions>
                <standardMode>false</standardMode>
                <jQueryEnabled>true</jQueryEnabled>
                <glossaryEnabled>true</glossaryEnabled>
                <openolatCss>true</openolatCss>
              </org.olat.core.gui.control.generic.iframe.DeliveryOptions>
            </entry>
            <entry>
              <string>configversion</string>
              <int>4</int>
            </entry>
            <entry>
              <string>lp.configversion</string>
              <int>2</int>
            </entry>
            <entry>
              <string>fully.assessed.trigger</string>
              <string>confirmed</string>
            </entry>
            <entry>
              <string>startpage</string>
              <string>false</string>
            </entry>
            <entry>
              <string>file</string>
              <string>/einzelne_seite/einzelne_seite.html</string>
            </entry>
            <entry>
              <string>start.date.relative.to</string>
              <null/>
            </entry>
            <entry>
              <string>start.date.relative</string>
              <int>-1</int>
            </entry>
            <entry>
              <string>obligation</string>
              <string>mandatory</string>
            </entry>
            <entry>
              <string>lp.rel.dates</string>
              <string>false</string>
            </entry>
          </config>
        </moduleConfiguration>
        <noAccessExplanation>Dieses Kurselement ist nicht zugänglich.</noAccessExplanation>
        <preConditionVisibility>
          <expertMode>false</expertMode>
          <easyModeCoachesAndAdmins>false</easyModeCoachesAndAdmins>
          <easyModeAlwaysAllowCoachesAndAdmins>false</easyModeAlwaysAllowCoachesAndAdmins>
          <assessmentMode>false</assessmentMode>
          <assessmentModeViewResults>false</assessmentModeViewResults>
        </preConditionVisibility>
        <additionalConditions/>
        <preConditionAccess>
          <expertMode>false</expertMode>
          <easyModeCoachesAndAdmins>false</easyModeCoachesAndAdmins>
          <easyModeAlwaysAllowCoachesAndAdmins>false</easyModeAlwaysAllowCoachesAndAdmins>
          <assessmentMode>false</assessmentMode>
          <assessmentModeViewResults>false</assessmentModeViewResults>
        </preConditionAccess>
      </org.olat.course.nodes.SPCourseNode>
      <org.olat.course.nodes.STCourseNode>
        <ident>105253590214278</ident>
        <parent class="org.olat.course.nodes.STCourseNode" reference="../../.."/>
        <children>
          <org.olat.course.nodes.SPCourseNode>
            <ident>105552600044659</ident>
            <parent class="org.olat.course.nodes.STCourseNode" reference="../../.."/>
            <type>sp</type>
            <shortTitle>Lernziele</shortTitle>
            <longTitle>Lernziele Arbeitssicherheit</longTitle>
            <description></description>
            <objectives></objectives>
            <instruction></instruction>
            <instructionalDesign></instructionalDesign>
            <displayOption>title+desc+content</displayOption>
            <teaserImageSource class="ImageSource">
              <type>custom</type>
              <path>105552600044659</path>
              <filename>Bildschirmfoto 2022-04-13 um 10.35.03.png</filename>
            </teaserImageSource>
            <teaserImageStyle>right</teaserImageStyle>
            <colorCategoryIdentifier>inherited</colorCategoryIdentifier>
            <moduleConfiguration>
              <config>
                <entry>
                  <string>end.date.relative</string>
                  <int>-1</int>
                </entry>
                <entry>
                  <string>end.date.relative.to</string>
                  <null/>
                </entry>
                <entry>
                  <string>allowRelativeLinks</string>
                  <string>false</string>
                </entry>
                <entry>
                  <string>deliveryOptions</string>
                  <org.olat.core.gui.control.generic.iframe.DeliveryOptions>
                    <standardMode>false</standardMode>
                    <jQueryEnabled>true</jQueryEnabled>
                    <glossaryEnabled>true</glossaryEnabled>
                    <openolatCss>true</openolatCss>
                  </org.olat.core.gui.control.generic.iframe.DeliveryOptions>
                </entry>
                <entry>
                  <string>configversion</string>
                  <int>4</int>
                </entry>
                <entry>
                  <string>lp.configversion</string>
                  <int>2</int>
                </entry>
                <entry>
                  <string>fully.assessed.trigger</string>
                  <string>confirmed</string>
                </entry>
                <entry>
                  <string>startpage</string>
                  <string>false</string>
                </entry>
                <entry>
                  <string>file</string>
                  <string>/lernziele_arbeitssicherhe/lernziele_arbeitssicherhe.html</string>
                </entry>
                <entry>
                  <string>start.date.relative.to</string>
                  <null/>
                </entry>
                <entry>
                  <string>start.date.relative</string>
                  <int>-1</int>
                </entry>
                <entry>
                  <string>obligation</string>
                  <string>mandatory</string>
                </entry>
                <entry>
                  <string>lp.rel.dates</string>
                  <string>false</string>
                </entry>
              </config>
            </moduleConfiguration>
            <noAccessExplanation>Dieses Kurselement ist nicht zugänglich.</noAccessExplanation>
            <preConditionVisibility>
              <expertMode>false</expertMode>
              <easyModeCoachesAndAdmins>false</easyModeCoachesAndAdmins>
              <easyModeAlwaysAllowCoachesAndAdmins>false</easyModeAlwaysAllowCoachesAndAdmins>
              <assessmentMode>false</assessmentMode>
              <assessmentModeViewResults>false</assessmentModeViewResults>
            </preConditionVisibility>
            <additionalConditions/>
            <preConditionAccess>
              <expertMode>false</expertMode>
              <easyModeCoachesAndAdmins>false</easyModeCoachesAndAdmins>
              <easyModeAlwaysAllowCoachesAndAdmins>false</easyModeAlwaysAllowCoachesAndAdmins>
              <assessmentMode>false</assessmentMode>
              <assessmentModeViewResults>false</assessmentModeViewResults>
            </preConditionAccess>
          </org.olat.course.nodes.SPCourseNode>
          <org.olat.course.nodes.SPCourseNode>
            <ident>105552600044892</ident>
            <parent class="org.olat.course.nodes.STCourseNode" reference="../../.."/>
            <type>sp</type>
            <shortTitle></shortTitle>
            <longTitle>Grundlagen</longTitle>
            <description></description>
            <objectives></objectives>
            <instruction></instruction>
            <instructionalDesign></instructionalDesign>
            <displayOption>title+desc+content</displayOption>
            <teaserImageSource class="ImageSource">
              <type>custom</type>
              <path>105552600044892</path>
              <filename>Unknown.jpeg</filename>
            </teaserImageSource>
            <teaserImageStyle>right</teaserImageStyle>
            <colorCategoryIdentifier>inherited</colorCategoryIdentifier>
            <moduleConfiguration>
              <config>
                <entry>
                  <string>end.date.relative</string>
                  <int>-1</int>
                </entry>
                <entry>
                  <string>end.date.relative.to</string>
                  <null/>
                </entry>
                <entry>
                  <string>allowRelativeLinks</string>
                  <string>false</string>
                </entry>
                <entry>
                  <string>deliveryOptions</string>
                  <org.olat.core.gui.control.generic.iframe.DeliveryOptions>
                    <standardMode>false</standardMode>
                    <jQueryEnabled>true</jQueryEnabled>
                    <glossaryEnabled>true</glossaryEnabled>
                    <openolatCss>true</openolatCss>
                  </org.olat.core.gui.control.generic.iframe.DeliveryOptions>
                </entry>
                <entry>
                  <string>configversion</string>
                  <int>4</int>
                </entry>
                <entry>
                  <string>lp.configversion</string>
                  <int>2</int>
                </entry>
                <entry>
                  <string>fully.assessed.trigger</string>
                  <string>confirmed</string>
                </entry>
                <entry>
                  <string>startpage</string>
                  <string>false</string>
                </entry>
                <entry>
                  <string>file</string>
                  <string>/grundlagen/grundlagen.html</string>
                </entry>
                <entry>
                  <string>start.date.relative.to</string>
                  <null/>
                </entry>
                <entry>
                  <string>start.date.relative</string>
                  <int>-1</int>
                </entry>
                <entry>
                  <string>obligation</string>
                  <string>mandatory</string>
                </entry>
                <entry>
                  <string>lp.rel.dates</string>
                  <string>false</string>
                </entry>
              </config>
            </moduleConfiguration>
            <noAccessExplanation>Dieses Kurselement ist nicht zugänglich.</noAccessExplanation>
            <preConditionVisibility>
              <expertMode>false</expertMode>
              <easyModeCoachesAndAdmins>false</easyModeCoachesAndAdmins>
              <easyModeAlwaysAllowCoachesAndAdmins>false</easyModeAlwaysAllowCoachesAndAdmins>
              <assessmentMode>false</assessmentMode>
              <assessmentModeViewResults>false</assessmentModeViewResults>
            </preConditionVisibility>
            <additionalConditions/>
            <preConditionAccess>
              <expertMode>false</expertMode>
              <easyModeCoachesAndAdmins>false</easyModeCoachesAndAdmins>
              <easyModeAlwaysAllowCoachesAndAdmins>false</easyModeAlwaysAllowCoachesAndAdmins>
              <assessmentMode>false</assessmentMode>
              <assessmentModeViewResults>false</assessmentModeViewResults>
            </preConditionAccess>
          </org.olat.course.nodes.SPCourseNode>
          <org.olat.course.nodes.SPCourseNode>
            <ident>105552600045037</ident>
            <parent class="org.olat.course.nodes.STCourseNode" reference="../../.."/>
            <type>sp</type>
            <shortTitle></shortTitle>
            <longTitle>Instruktion</longTitle>
            <description></description>
            <objectives></objectives>
            <instruction></instruction>
            <instructionalDesign></instructionalDesign>
            <displayOption>title+desc+content</displayOption>
            <teaserImageSource class="ImageSource">
              <type>inherited</type>
            </teaserImageSource>
            <teaserImageStyle>inherited</teaserImageStyle>
            <colorCategoryIdentifier>inherited</colorCategoryIdentifier>
            <moduleConfiguration>
              <config>
                <entry>
                  <string>end.date.relative</string>
                  <int>-1</int>
                </entry>
                <entry>
                  <string>end.date.relative.to</string>
                  <null/>
                </entry>
                <entry>
                  <string>allowRelativeLinks</string>
                  <string>false</string>
                </entry>
                <entry>
                  <string>deliveryOptions</string>
                  <org.olat.core.gui.control.generic.iframe.DeliveryOptions>
                    <standardMode>false</standardMode>
                    <jQueryEnabled>true</jQueryEnabled>
                    <glossaryEnabled>true</glossaryEnabled>
                    <openolatCss>true</openolatCss>
                  </org.olat.core.gui.control.generic.iframe.DeliveryOptions>
                </entry>
                <entry>
                  <string>configversion</string>
                  <int>4</int>
                </entry>
                <entry>
                  <string>lp.configversion</string>
                  <int>2</int>
                </entry>
                <entry>
                  <string>fully.assessed.trigger</string>
                  <string>confirmed</string>
                </entry>
                <entry>
                  <string>startpage</string>
                  <string>false</string>
                </entry>
                <entry>
                  <string>file</string>
                  <string>/instruktion/instruktion.html</string>
                </entry>
                <entry>
                  <string>start.date.relative.to</string>
                  <null/>
                </entry>
                <entry>
                  <string>start.date.relative</string>
                  <int>-1</int>
                </entry>
                <entry>
                  <string>obligation</string>
                  <string>mandatory</string>
                </entry>
                <entry>
                  <string>lp.rel.dates</string>
                  <string>false</string>
                </entry>
              </config>
            </moduleConfiguration>
            <noAccessExplanation>Dieses Kurselement ist nicht zugänglich.</noAccessExplanation>
            <preConditionVisibility>
              <expertMode>false</expertMode>
              <easyModeCoachesAndAdmins>false</easyModeCoachesAndAdmins>
              <easyModeAlwaysAllowCoachesAndAdmins>false</easyModeAlwaysAllowCoachesAndAdmins>
              <assessmentMode>false</assessmentMode>
              <assessmentModeViewResults>false</assessmentModeViewResults>
            </preConditionVisibility>
            <additionalConditions/>
            <preConditionAccess>
              <expertMode>false</expertMode>
              <easyModeCoachesAndAdmins>false</easyModeCoachesAndAdmins>
              <easyModeAlwaysAllowCoachesAndAdmins>false</easyModeAlwaysAllowCoachesAndAdmins>
              <assessmentMode>false</assessmentMode>
              <assessmentModeViewResults>false</assessmentModeViewResults>
            </preConditionAccess>
          </org.olat.course.nodes.SPCourseNode>
          <org.olat.course.nodes.DocumentCourseNode>
            <ident>105552600049005</ident>
            <parent class="org.olat.course.nodes.STCourseNode" reference="../../.."/>
            <type>document</type>
            <shortTitle>Broschüre</shortTitle>
            <longTitle>Arbeit im Büro - Broschüre</longTitle>
            <description></description>
            <objectives></objectives>
            <instruction></instruction>
            <instructionalDesign></instructionalDesign>
            <displayOption>title+desc+content</displayOption>
            <teaserImageSource class="ImageSource">
              <type>custom</type>
              <path>105552600049005</path>
              <filename>back-pain-6949392_960_720.jpg</filename>
            </teaserImageSource>
            <teaserImageStyle>right</teaserImageStyle>
            <colorCategoryIdentifier>inherited</colorCategoryIdentifier>
            <moduleConfiguration>
              <config>
                <entry>
                  <string>lp.configversion</string>
                  <int>2</int>
                </entry>
                <entry>
                  <string>doc.course.folder</string>
                  <string>Tisch und Stuhl richtig einstellen.pdf</string>
                </entry>
                <entry>
                  <string>fully.assessed.trigger</string>
                  <string>confirmed</string>
                </entry>
                <entry>
                  <string>obligation</string>
                  <string>mandatory</string>
                </entry>
                <entry>
                  <string>lp.rel.dates</string>
                  <string>false</string>
                </entry>
                <entry>
                  <string>node.right.edit</string>
                  <NodeRight>
                    <typeIdentifier>edit</typeIdentifier>
                    <editMode>regular</editMode>
                    <grants class="list">
                      <NodeRightGrant>
                        <role>owner</role>
                      </NodeRightGrant>
                    </grants>
                  </NodeRight>
                </entry>
                <entry>
                  <string>node.right.download</string>
                  <NodeRight>
                    <typeIdentifier>download</typeIdentifier>
                    <editMode>regular</editMode>
                    <grants class="list">
                      <NodeRightGrant>
                        <role>coach</role>
                      </NodeRightGrant>
                      <NodeRightGrant>
                        <role>participant</role>
                      </NodeRightGrant>
                    </grants>
                  </NodeRight>
                </entry>
                <entry>
                  <string>configversion</string>
                  <int>4</int>
                </entry>
                <entry>
                  <string>height</string>
                  <string>auto</string>
                </entry>
              </config>
            </moduleConfiguration>
            <noAccessExplanation>Dieses Kurselement ist nicht zugänglich.</noAccessExplanation>
            <preConditionVisibility>
              <expertMode>false</expertMode>
              <easyModeCoachesAndAdmins>false</easyModeCoachesAndAdmins>
              <easyModeAlwaysAllowCoachesAndAdmins>false</easyModeAlwaysAllowCoachesAndAdmins>
              <assessmentMode>false</assessmentMode>
              <assessmentModeViewResults>false</assessmentModeViewResults>
            </preConditionVisibility>
            <additionalConditions/>
            <preConditionAccess>
              <expertMode>false</expertMode>
              <easyModeCoachesAndAdmins>false</easyModeCoachesAndAdmins>
              <easyModeAlwaysAllowCoachesAndAdmins>false</easyModeAlwaysAllowCoachesAndAdmins>
              <assessmentMode>false</assessmentMode>
              <assessmentModeViewResults>false</assessmentModeViewResults>
            </preConditionAccess>
          </org.olat.course.nodes.DocumentCourseNode>
          <org.olat.course.nodes.IQSELFCourseNode>
            <ident>105253590214290</ident>
            <parent class="org.olat.course.nodes.STCourseNode" reference="../../.."/>
            <type>iqself</type>
            <longTitle>Selbsttest</longTitle>
            <displayOption>title+desc+content</displayOption>
            <teaserImageSource class="ImageSource">
              <type>inherited</type>
            </teaserImageSource>
            <teaserImageStyle>inherited</teaserImageStyle>
            <colorCategoryIdentifier>inherited</colorCategoryIdentifier>
            <moduleConfiguration>
              <config>
                <entry>
                  <string>summary</string>
                  <string>summaryDetailed</string>
                </entry>
                <entry>
                  <string>scoreVisibilityAfterCorrection</string>
                  <string>visible</string>
                </entry>
                <entry>
                  <string>end.date.relative</string>
                  <int>-1</int>
                </entry>
                <entry>
                  <string>repoSoftkey</string>
                  <string>myopenolat_1_106413327947193</string>
                </entry>
                <entry>
                  <string>enableCancel</string>
                  <boolean>true</boolean>
                </entry>
                <entry>
                  <string>correctionMode</string>
                  <string>manual</string>
                </entry>
                <entry>
                  <string>end.date.relative.to</string>
                  <null/>
                </entry>
                <entry>
                  <string>configversion</string>
                  <int>3</int>
                </entry>
                <entry>
                  <string>enableSuspend</string>
                  <boolean>true</boolean>
                </entry>
                <entry>
                  <string>lp.configversion</string>
                  <int>2</int>
                </entry>
                <entry>
                  <string>mode</string>
                  <string>Self-Assessment</string>
                </entry>
                <entry>
                  <string>qtitype</string>
                  <string>qti2w</string>
                </entry>
                <entry>
                  <string>sequence</string>
                  <string>itemPage</string>
                </entry>
                <entry>
                  <string>fully.assessed.trigger</string>
                  <string>confirmed</string>
                </entry>
                <entry>
                  <string>start.date.relative.to</string>
                  <null/>
                </entry>
                <entry>
                  <string>start.date.relative</string>
                  <int>-1</int>
                </entry>
                <entry>
                  <string>obligation</string>
                  <string>mandatory</string>
                </entry>
                <entry>
                  <string>lp.rel.dates</string>
                  <string>false</string>
                </entry>
                <entry>
                  <string>enableMenu</string>
                  <boolean>true</boolean>
                </entry>
                <entry>
                  <string>configFromRef</string>
                  <boolean>true</boolean>
                </entry>
              </config>
            </moduleConfiguration>
            <noAccessExplanation>Dieses Kurselement ist nicht zugänglich.</noAccessExplanation>
            <preConditionVisibility>
              <expertMode>false</expertMode>
              <easyModeCoachesAndAdmins>false</easyModeCoachesAndAdmins>
              <easyModeAlwaysAllowCoachesAndAdmins>false</easyModeAlwaysAllowCoachesAndAdmins>
              <assessmentMode>false</assessmentMode>
              <assessmentModeViewResults>false</assessmentModeViewResults>
            </preConditionVisibility>
            <additionalConditions/>
            <preConditionAccess>
              <expertMode>false</expertMode>
              <easyModeCoachesAndAdmins>false</easyModeCoachesAndAdmins>
              <easyModeAlwaysAllowCoachesAndAdmins>false</easyModeAlwaysAllowCoachesAndAdmins>
              <assessmentMode>false</assessmentMode>
              <assessmentModeViewResults>false</assessmentModeViewResults>
            </preConditionAccess>
          </org.olat.course.nodes.IQSELFCourseNode>
        </children>
        <type>st</type>
        <shortTitle></shortTitle>
        <longTitle>Sicherheit</longTitle>
        <description></description>
        <objectives></objectives>
        <instruction></instruction>
        <instructionalDesign></instructionalDesign>
        <displayOption>title+desc+content</displayOption>
        <teaserImageSource class="ImageSource">
          <type>custom</type>
          <path>105253590214278</path>
          <filename>back-pain-6949392_960_720.jpg</filename>
        </teaserImageSource>
        <teaserImageStyle>right</teaserImageStyle>
        <colorCategoryIdentifier>inherited</colorCategoryIdentifier>
        <moduleConfiguration>
          <config>
            <entry>
              <string>columns</string>
              <int>2</int>
            </entry>
            <entry>
              <string>display</string>
              <string>delegate</string>
            </entry>
            <entry>
              <string>coach.user.visibility</string>
              <string>true</string>
            </entry>
            <entry>
              <string>score.calculator.supported</string>
              <string>false</string>
            </entry>
            <entry>
              <string>peekview.filter</string>
              <string>all</string>
            </entry>
            <entry>
              <string>coach.user.grade.apply</string>
              <string>true</string>
            </entry>
            <entry>
              <string>allowRelativeLinks</string>
              <string>false</string>
            </entry>
            <entry>
              <string>deliveryOptions</string>
              <org.olat.core.gui.control.generic.iframe.DeliveryOptions>
                <standardMode>false</standardMode>
                <jQueryEnabled>true</jQueryEnabled>
                <glossaryEnabled>true</glossaryEnabled>
                <openolatCss>true</openolatCss>
              </org.olat.core.gui.control.generic.iframe.DeliveryOptions>
            </entry>
            <entry>
              <string>learning.path.sequence</string>
              <string>learning.path.sequence.sequential</string>
            </entry>
            <entry>
              <string>configversion</string>
              <int>8</int>
            </entry>
            <entry>
              <string>children.filter</string>
              <string>all</string>
            </entry>
            <entry>
              <string>lp.st.configversion</string>
              <int>1</int>
            </entry>
            <entry>
              <string>lp.obligation</string>
              <string>evaluated</string>
            </entry>
          </config>
        </moduleConfiguration>
        <noAccessExplanation>Dieses Kurselement ist nicht zugänglich.</noAccessExplanation>
        <preConditionVisibility>
          <expertMode>false</expertMode>
          <easyModeCoachesAndAdmins>false</easyModeCoachesAndAdmins>
          <easyModeAlwaysAllowCoachesAndAdmins>false</easyModeAlwaysAllowCoachesAndAdmins>
          <assessmentMode>false</assessmentMode>
          <assessmentModeViewResults>false</assessmentModeViewResults>
        </preConditionVisibility>
        <additionalConditions/>
        <preConditionAccess>
          <expertMode>false</expertMode>
          <easyModeCoachesAndAdmins>false</easyModeCoachesAndAdmins>
          <easyModeAlwaysAllowCoachesAndAdmins>false</easyModeAlwaysAllowCoachesAndAdmins>
          <assessmentMode>false</assessmentMode>
          <assessmentModeViewResults>false</assessmentModeViewResults>
        </preConditionAccess>
        <scoreCalculator>
          <expertMode>false</expertMode>
          <passedCutValue>0</passedCutValue>
          <failedType>failedAsNotPassedAfterEndDate</failedType>
        </scoreCalculator>
      </org.olat.course.nodes.STCourseNode>
      <org.olat.course.nodes.STCourseNode>
        <ident>105253590214280</ident>
        <parent class="org.olat.course.nodes.STCourseNode" reference="../../.."/>
        <children>
          <org.olat.course.nodes.SPCourseNode>
            <ident>105552600045234</ident>
            <parent class="org.olat.course.nodes.STCourseNode" reference="../../.."/>
            <type>sp</type>
            <shortTitle></shortTitle>
            <longTitle>Lernziele</longTitle>
            <description></description>
            <objectives></objectives>
            <instruction></instruction>
            <instructionalDesign></instructionalDesign>
            <displayOption>title+desc+content</displayOption>
            <teaserImageSource class="ImageSource">
              <type>inherited</type>
            </teaserImageSource>
            <teaserImageStyle>inherited</teaserImageStyle>
            <colorCategoryIdentifier>inherited</colorCategoryIdentifier>
            <moduleConfiguration>
              <config>
                <entry>
                  <string>end.date.relative</string>
                  <int>-1</int>
                </entry>
                <entry>
                  <string>end.date.relative.to</string>
                  <null/>
                </entry>
                <entry>
                  <string>allowRelativeLinks</string>
                  <string>false</string>
                </entry>
                <entry>
                  <string>deliveryOptions</string>
                  <org.olat.core.gui.control.generic.iframe.DeliveryOptions>
                    <standardMode>false</standardMode>
                    <jQueryEnabled>true</jQueryEnabled>
                    <glossaryEnabled>true</glossaryEnabled>
                    <openolatCss>true</openolatCss>
                  </org.olat.core.gui.control.generic.iframe.DeliveryOptions>
                </entry>
                <entry>
                  <string>configversion</string>
                  <int>4</int>
                </entry>
                <entry>
                  <string>lp.configversion</string>
                  <int>2</int>
                </entry>
                <entry>
                  <string>fully.assessed.trigger</string>
                  <string>confirmed</string>
                </entry>
                <entry>
                  <string>startpage</string>
                  <string>false</string>
                </entry>
                <entry>
                  <string>file</string>
                  <string>/lernziele/lernziele.html</string>
                </entry>
                <entry>
                  <string>start.date.relative.to</string>
                  <null/>
                </entry>
                <entry>
                  <string>start.date.relative</string>
                  <int>-1</int>
                </entry>
                <entry>
                  <string>obligation</string>
                  <string>mandatory</string>
                </entry>
                <entry>
                  <string>lp.rel.dates</string>
                  <string>false</string>
                </entry>
              </config>
            </moduleConfiguration>
            <noAccessExplanation>Dieses Kurselement ist nicht zugänglich.</noAccessExplanation>
            <preConditionVisibility>
              <expertMode>false</expertMode>
              <easyModeCoachesAndAdmins>false</easyModeCoachesAndAdmins>
              <easyModeAlwaysAllowCoachesAndAdmins>false</easyModeAlwaysAllowCoachesAndAdmins>
              <assessmentMode>false</assessmentMode>
              <assessmentModeViewResults>false</assessmentModeViewResults>
            </preConditionVisibility>
            <additionalConditions/>
            <preConditionAccess>
              <expertMode>false</expertMode>
              <easyModeCoachesAndAdmins>false</easyModeCoachesAndAdmins>
              <easyModeAlwaysAllowCoachesAndAdmins>false</easyModeAlwaysAllowCoachesAndAdmins>
              <assessmentMode>false</assessmentMode>
              <assessmentModeViewResults>false</assessmentModeViewResults>
            </preConditionAccess>
          </org.olat.course.nodes.SPCourseNode>
          <org.olat.course.nodes.SPCourseNode>
            <ident>105552600045393</ident>
            <parent class="org.olat.course.nodes.STCourseNode" reference="../../.."/>
            <type>sp</type>
            <shortTitle></shortTitle>
            <longTitle>Baulicher Brandschutz</longTitle>
            <description></description>
            <objectives></objectives>
            <instruction></instruction>
            <instructionalDesign></instructionalDesign>
            <displayOption>title+desc+content</displayOption>
            <teaserImageSource class="ImageSource">
              <type>inherited</type>
            </teaserImageSource>
            <teaserImageStyle>inherited</teaserImageStyle>
            <colorCategoryIdentifier>inherited</colorCategoryIdentifier>
            <moduleConfiguration>
              <config>
                <entry>
                  <string>end.date.relative</string>
                  <int>-1</int>
                </entry>
                <entry>
                  <string>end.date.relative.to</string>
                  <null/>
                </entry>
                <entry>
                  <string>allowRelativeLinks</string>
                  <string>false</string>
                </entry>
                <entry>
                  <string>deliveryOptions</string>
                  <org.olat.core.gui.control.generic.iframe.DeliveryOptions>
                    <standardMode>false</standardMode>
                    <jQueryEnabled>true</jQueryEnabled>
                    <glossaryEnabled>true</glossaryEnabled>
                    <openolatCss>true</openolatCss>
                  </org.olat.core.gui.control.generic.iframe.DeliveryOptions>
                </entry>
                <entry>
                  <string>configversion</string>
                  <int>4</int>
                </entry>
                <entry>
                  <string>lp.configversion</string>
                  <int>2</int>
                </entry>
                <entry>
                  <string>fully.assessed.trigger</string>
                  <string>confirmed</string>
                </entry>
                <entry>
                  <string>startpage</string>
                  <string>false</string>
                </entry>
                <entry>
                  <string>file</string>
                  <string>/baulicher_brandschutz/baulicher_brandschutz.html</string>
                </entry>
                <entry>
                  <string>start.date.relative.to</string>
                  <null/>
                </entry>
                <entry>
                  <string>start.date.relative</string>
                  <int>-1</int>
                </entry>
                <entry>
                  <string>obligation</string>
                  <string>mandatory</string>
                </entry>
                <entry>
                  <string>lp.rel.dates</string>
                  <string>false</string>
                </entry>
              </config>
            </moduleConfiguration>
            <noAccessExplanation>Dieses Kurselement ist nicht zugänglich.</noAccessExplanation>
            <preConditionVisibility>
              <expertMode>false</expertMode>
              <easyModeCoachesAndAdmins>false</easyModeCoachesAndAdmins>
              <easyModeAlwaysAllowCoachesAndAdmins>false</easyModeAlwaysAllowCoachesAndAdmins>
              <assessmentMode>false</assessmentMode>
              <assessmentModeViewResults>false</assessmentModeViewResults>
            </preConditionVisibility>
            <additionalConditions/>
            <preConditionAccess>
              <expertMode>false</expertMode>
              <easyModeCoachesAndAdmins>false</easyModeCoachesAndAdmins>
              <easyModeAlwaysAllowCoachesAndAdmins>false</easyModeAlwaysAllowCoachesAndAdmins>
              <assessmentMode>false</assessmentMode>
              <assessmentModeViewResults>false</assessmentModeViewResults>
            </preConditionAccess>
          </org.olat.course.nodes.SPCourseNode>
          <org.olat.course.nodes.SPCourseNode>
            <ident>105552600045399</ident>
            <parent class="org.olat.course.nodes.STCourseNode" reference="../../.."/>
            <type>sp</type>
            <shortTitle>Technischer Brandschutz</shortTitle>
            <longTitle>Anlagetechnischer Brandschutz</longTitle>
            <description></description>
            <objectives></objectives>
            <instruction></instruction>
            <instructionalDesign></instructionalDesign>
            <displayOption>title+desc+content</displayOption>
            <teaserImageSource class="ImageSource">
              <type>inherited</type>
            </teaserImageSource>
            <teaserImageStyle>inherited</teaserImageStyle>
            <colorCategoryIdentifier>inherited</colorCategoryIdentifier>
            <moduleConfiguration>
              <config>
                <entry>
                  <string>end.date.relative</string>
                  <int>-1</int>
                </entry>
                <entry>
                  <string>end.date.relative.to</string>
                  <null/>
                </entry>
                <entry>
                  <string>allowRelativeLinks</string>
                  <string>false</string>
                </entry>
                <entry>
                  <string>deliveryOptions</string>
                  <org.olat.core.gui.control.generic.iframe.DeliveryOptions>
                    <standardMode>false</standardMode>
                    <jQueryEnabled>true</jQueryEnabled>
                    <glossaryEnabled>true</glossaryEnabled>
                    <openolatCss>true</openolatCss>
                  </org.olat.core.gui.control.generic.iframe.DeliveryOptions>
                </entry>
                <entry>
                  <string>configversion</string>
                  <int>4</int>
                </entry>
                <entry>
                  <string>lp.configversion</string>
                  <int>2</int>
                </entry>
                <entry>
                  <string>fully.assessed.trigger</string>
                  <string>confirmed</string>
                </entry>
                <entry>
                  <string>startpage</string>
                  <string>false</string>
                </entry>
                <entry>
                  <string>file</string>
                  <string>/technischer_brandschutz/technischer_brandschutz.html</string>
                </entry>
                <entry>
                  <string>start.date.relative.to</string>
                  <null/>
                </entry>
                <entry>
                  <string>start.date.relative</string>
                  <int>-1</int>
                </entry>
                <entry>
                  <string>obligation</string>
                  <string>mandatory</string>
                </entry>
                <entry>
                  <string>lp.rel.dates</string>
                  <string>false</string>
                </entry>
              </config>
            </moduleConfiguration>
            <noAccessExplanation>Dieses Kurselement ist nicht zugänglich.</noAccessExplanation>
            <preConditionVisibility>
              <expertMode>false</expertMode>
              <easyModeCoachesAndAdmins>false</easyModeCoachesAndAdmins>
              <easyModeAlwaysAllowCoachesAndAdmins>false</easyModeAlwaysAllowCoachesAndAdmins>
              <assessmentMode>false</assessmentMode>
              <assessmentModeViewResults>false</assessmentModeViewResults>
            </preConditionVisibility>
            <additionalConditions/>
            <preConditionAccess>
              <expertMode>false</expertMode>
              <easyModeCoachesAndAdmins>false</easyModeCoachesAndAdmins>
              <easyModeAlwaysAllowCoachesAndAdmins>false</easyModeAlwaysAllowCoachesAndAdmins>
              <assessmentMode>false</assessmentMode>
              <assessmentModeViewResults>false</assessmentModeViewResults>
            </preConditionAccess>
          </org.olat.course.nodes.SPCourseNode>
          <org.olat.course.nodes.SPCourseNode>
            <ident>105552600045405</ident>
            <parent class="org.olat.course.nodes.STCourseNode" reference="../../.."/>
            <type>sp</type>
            <shortTitle>Org. Brandschutz</shortTitle>
            <longTitle>Organisatorischer Brandschutz</longTitle>
            <description></description>
            <objectives></objectives>
            <instruction></instruction>
            <instructionalDesign></instructionalDesign>
            <displayOption>title+desc+content</displayOption>
            <teaserImageSource class="ImageSource">
              <type>inherited</type>
            </teaserImageSource>
            <teaserImageStyle>inherited</teaserImageStyle>
            <colorCategoryIdentifier>inherited</colorCategoryIdentifier>
            <moduleConfiguration>
              <config>
                <entry>
                  <string>end.date.relative</string>
                  <int>-1</int>
                </entry>
                <entry>
                  <string>end.date.relative.to</string>
                  <null/>
                </entry>
                <entry>
                  <string>allowRelativeLinks</string>
                  <string>false</string>
                </entry>
                <entry>
                  <string>deliveryOptions</string>
                  <org.olat.core.gui.control.generic.iframe.DeliveryOptions>
                    <standardMode>false</standardMode>
                    <jQueryEnabled>true</jQueryEnabled>
                    <glossaryEnabled>true</glossaryEnabled>
                    <openolatCss>true</openolatCss>
                  </org.olat.core.gui.control.generic.iframe.DeliveryOptions>
                </entry>
                <entry>
                  <string>configversion</string>
                  <int>4</int>
                </entry>
                <entry>
                  <string>lp.configversion</string>
                  <int>2</int>
                </entry>
                <entry>
                  <string>fully.assessed.trigger</string>
                  <string>confirmed</string>
                </entry>
                <entry>
                  <string>startpage</string>
                  <string>false</string>
                </entry>
                <entry>
                  <string>file</string>
                  <string>/org_brandschutz/org_brandschutz.html</string>
                </entry>
                <entry>
                  <string>start.date.relative.to</string>
                  <null/>
                </entry>
                <entry>
                  <string>start.date.relative</string>
                  <int>-1</int>
                </entry>
                <entry>
                  <string>obligation</string>
                  <string>mandatory</string>
                </entry>
                <entry>
                  <string>lp.rel.dates</string>
                  <string>false</string>
                </entry>
              </config>
            </moduleConfiguration>
            <noAccessExplanation>Dieses Kurselement ist nicht zugänglich.</noAccessExplanation>
            <preConditionVisibility>
              <expertMode>false</expertMode>
              <easyModeCoachesAndAdmins>false</easyModeCoachesAndAdmins>
              <easyModeAlwaysAllowCoachesAndAdmins>false</easyModeAlwaysAllowCoachesAndAdmins>
              <assessmentMode>false</assessmentMode>
              <assessmentModeViewResults>false</assessmentModeViewResults>
            </preConditionVisibility>
            <additionalConditions/>
            <preConditionAccess>
              <expertMode>false</expertMode>
              <easyModeCoachesAndAdmins>false</easyModeCoachesAndAdmins>
              <easyModeAlwaysAllowCoachesAndAdmins>false</easyModeAlwaysAllowCoachesAndAdmins>
              <assessmentMode>false</assessmentMode>
              <assessmentModeViewResults>false</assessmentModeViewResults>
            </preConditionAccess>
          </org.olat.course.nodes.SPCourseNode>
        </children>
        <type>st</type>
        <shortTitle></shortTitle>
        <longTitle>Brandschutz</longTitle>
        <description></description>
        <objectives></objectives>
        <instruction></instruction>
        <instructionalDesign></instructionalDesign>
        <displayOption>title+desc+content</displayOption>
        <teaserImageSource class="ImageSource">
          <type>custom</type>
          <path>105253590214280</path>
          <filename>fire-1309836__340.jpg</filename>
        </teaserImageSource>
        <teaserImageStyle>right</teaserImageStyle>
        <colorCategoryIdentifier>inherited</colorCategoryIdentifier>
        <moduleConfiguration>
          <config>
            <entry>
              <string>columns</string>
              <int>2</int>
            </entry>
            <entry>
              <string>display</string>
              <string>delegate</string>
            </entry>
            <entry>
              <string>coach.user.visibility</string>
              <string>true</string>
            </entry>
            <entry>
              <string>score.calculator.supported</string>
              <string>false</string>
            </entry>
            <entry>
              <string>peekview.filter</string>
              <string>all</string>
            </entry>
            <entry>
              <string>coach.user.grade.apply</string>
              <string>true</string>
            </entry>
            <entry>
              <string>allowRelativeLinks</string>
              <string>false</string>
            </entry>
            <entry>
              <string>deliveryOptions</string>
              <org.olat.core.gui.control.generic.iframe.DeliveryOptions>
                <standardMode>false</standardMode>
                <jQueryEnabled>true</jQueryEnabled>
                <glossaryEnabled>true</glossaryEnabled>
                <openolatCss>true</openolatCss>
              </org.olat.core.gui.control.generic.iframe.DeliveryOptions>
            </entry>
            <entry>
              <string>learning.path.sequence</string>
              <string>learning.path.sequence.sequential</string>
            </entry>
            <entry>
              <string>configversion</string>
              <int>8</int>
            </entry>
            <entry>
              <string>children.filter</string>
              <string>all</string>
            </entry>
            <entry>
              <string>lp.st.configversion</string>
              <int>1</int>
            </entry>
            <entry>
              <string>lp.obligation</string>
              <string>evaluated</string>
            </entry>
          </config>
        </moduleConfiguration>
        <noAccessExplanation>Dieses Kurselement ist nicht zugänglich.</noAccessExplanation>
        <preConditionVisibility>
          <expertMode>false</expertMode>
          <easyModeCoachesAndAdmins>false</easyModeCoachesAndAdmins>
          <easyModeAlwaysAllowCoachesAndAdmins>false</easyModeAlwaysAllowCoachesAndAdmins>
          <assessmentMode>false</assessmentMode>
          <assessmentModeViewResults>false</assessmentModeViewResults>
        </preConditionVisibility>
        <additionalConditions/>
        <preConditionAccess>
          <expertMode>false</expertMode>
          <easyModeCoachesAndAdmins>false</easyModeCoachesAndAdmins>
          <easyModeAlwaysAllowCoachesAndAdmins>false</easyModeAlwaysAllowCoachesAndAdmins>
          <assessmentMode>false</assessmentMode>
          <assessmentModeViewResults>false</assessmentModeViewResults>
        </preConditionAccess>
        <scoreCalculator>
          <expertMode>false</expertMode>
          <passedCutValue>0</passedCutValue>
          <failedType>failedAsNotPassedAfterEndDate</failedType>
        </scoreCalculator>
      </org.olat.course.nodes.STCourseNode>
      <org.olat.course.nodes.IQTESTCourseNode>
        <ident>105253590214296</ident>
        <parent class="org.olat.course.nodes.STCourseNode" reference="../../.."/>
        <type>iqtest</type>
        <shortTitle></shortTitle>
        <longTitle>Abschlusstest</longTitle>
        <description></description>
        <objectives></objectives>
        <instruction></instruction>
        <instructionalDesign></instructionalDesign>
        <displayOption>title+desc+content</displayOption>
        <teaserImageSource class="ImageSource">
          <type>inherited</type>
        </teaserImageSource>
        <teaserImageStyle>right</teaserImageStyle>
        <colorCategoryIdentifier>inherited</colorCategoryIdentifier>
        <moduleConfiguration>
          <config>
            <entry>
              <string>ignoreInCourseAssessment</string>
              <string>false</string>
            </entry>
            <entry>
              <string>failedResultsEndDateRelTo</string>
              <null/>
            </entry>
            <entry>
              <string>digitalSignature</string>
              <string>false</string>
            </entry>
            <entry>
              <string>fullwindow</string>
              <string>true</string>
            </entry>
            <entry>
              <string>configversion</string>
              <int>3</int>
            </entry>
            <entry>
              <string>mode</string>
              <string>Assessment</string>
            </entry>
            <entry>
              <string>displayScoreProgress</string>
              <string>false</string>
            </entry>
            <entry>
              <string>provideMemoField</string>
              <string>false</string>
            </entry>
            <entry>
              <string>start.date.relative</string>
              <int>-1</int>
            </entry>
            <entry>
              <string>failedResultsStartDateRel</string>
              <int>-1</int>
            </entry>
            <entry>
              <string>failedResultsStartDateRelTo</string>
              <null/>
            </entry>
            <entry>
              <string>resultsStartTestDateRel</string>
              <int>-1</int>
            </entry>
            <entry>
              <string>attempts</string>
              <int>3</int>
            </entry>
            <entry>
              <string>end.date.relative</string>
              <int>-1</int>
            </entry>
            <entry>
              <string>correctionMode</string>
              <string>auto</string>
            </entry>
            <entry>
              <string>end.date.relative.to</string>
              <null/>
            </entry>
            <entry>
              <string>resultsStartDateRelTo</string>
              <null/>
            </entry>
            <entry>
              <string>sequence</string>
              <string>itemPage</string>
            </entry>
            <entry>
              <string>passedResultsEndDateRelTo</string>
              <null/>
            </entry>
            <entry>
              <string>start.date.relative.to</string>
              <null/>
            </entry>
            <entry>
              <string>obligation</string>
              <string>mandatory</string>
            </entry>
            <entry>
              <string>passedResultsStartDateRel</string>
              <int>-1</int>
            </entry>
            <entry>
              <string>renderMenu</string>
              <boolean>false</boolean>
            </entry>
            <entry>
              <string>blockAfterSuccess</string>
              <string>true</string>
            </entry>
            <entry>
              <string>enableCancel</string>
              <string>false</string>
            </entry>
            <entry>
              <string>dateDependentTest</string>
              <string>false</string>
            </entry>
            <entry>
              <string>displayQuestionProgss</string>
              <string>false</string>
            </entry>
            <entry>
              <string>digitalSignatureMail</string>
              <string>false</string>
            </entry>
            <entry>
              <string>resultsEndDateRel</string>
              <int>-1</int>
            </entry>
            <entry>
              <string>lp.configversion</string>
              <int>2</int>
            </entry>
            <entry>
              <string>passedResultsStartDateRelTo</string>
              <null/>
            </entry>
            <entry>
              <string>enableScoreInfo</string>
              <string>true</string>
            </entry>
            <entry>
              <string>relative.dates</string>
              <string>false</string>
            </entry>
            <entry>
              <string>resultsEndTestDateRel</string>
              <int>-1</int>
            </entry>
            <entry>
              <string>lp.rel.dates</string>
              <string>false</string>
            </entry>
            <entry>
              <string>enableMenu</string>
              <string>true</string>
            </entry>
            <entry>
              <string>configFromRef</string>
              <string>false</string>
            </entry>
            <entry>
              <string>showResultsOnFinish</string>
              <string>true</string>
            </entry>
            <entry>
              <string>showResultsOnHomePage</string>
              <string>false</string>
            </entry>
            <entry>
              <string>allowAnonym</string>
              <string>false</string>
            </entry>
            <entry>
              <string>summary</string>
              <string>metadata,questionSummary,userSolutions,correctSolutions,sectionsSummary</string>
            </entry>
            <entry>
              <string>dateDependentResults</string>
              <string>no</string>
            </entry>
            <entry>
              <string>repoSoftkey</string>
              <string>myopenolat_1_106413327947205</string>
            </entry>
            <entry>
              <string>resultsStartTestDateRelTo</string>
              <null/>
            </entry>
            <entry>
              <string>resultsEndDateRelTo</string>
              <null/>
            </entry>
            <entry>
              <string>hideFeedbacks</string>
              <string>false</string>
            </entry>
            <entry>
              <string>resultsEndTestDateRelTo</string>
              <null/>
            </entry>
            <entry>
              <string>enableSuspend</string>
              <string>false</string>
            </entry>
            <entry>
              <string>qtitype</string>
              <string>qti2w</string>
            </entry>
            <entry>
              <string>fully.assessed.trigger</string>
              <string>passed</string>
            </entry>
            <entry>
              <string>displayQuestionMaxScore</string>
              <string>true</string>
            </entry>
            <entry>
              <string>displayQuestionTitle</string>
              <string>true</string>
            </entry>
            <entry>
              <string>failedResultsEndDateRel</string>
              <int>-1</int>
            </entry>
            <entry>
              <string>passedResultsEndDateRel</string>
              <int>-1</int>
            </entry>
            <entry>
              <string>resultsStartDateRel</string>
              <int>-1</int>
            </entry>
          </config>
        </moduleConfiguration>
        <noAccessExplanation>Dieses Kurselement ist nicht zugänglich.</noAccessExplanation>
        <preConditionVisibility>
          <expertMode>false</expertMode>
          <easyModeCoachesAndAdmins>false</easyModeCoachesAndAdmins>
          <easyModeAlwaysAllowCoachesAndAdmins>false</easyModeAlwaysAllowCoachesAndAdmins>
          <assessmentMode>false</assessmentMode>
          <assessmentModeViewResults>false</assessmentModeViewResults>
        </preConditionVisibility>
        <additionalConditions/>
        <preConditionAccess>
          <expertMode>false</expertMode>
          <easyModeCoachesAndAdmins>false</easyModeCoachesAndAdmins>
          <easyModeAlwaysAllowCoachesAndAdmins>false</easyModeAlwaysAllowCoachesAndAdmins>
          <assessmentMode>false</assessmentMode>
          <assessmentModeViewResults>false</assessmentModeViewResults>
        </preConditionAccess>
      </org.olat.course.nodes.IQTESTCourseNode>
      <org.olat.course.nodes.SurveyCourseNode>
        <ident>105552600045640</ident>
        <parent class="org.olat.course.nodes.STCourseNode" reference="../../.."/>
        <type>survey</type>
        <longTitle>Umfrage</longTitle>
        <displayOption>title+desc+content</displayOption>
        <teaserImageSource class="ImageSource">
          <type>course</type>
        </teaserImageSource>
        <teaserImageStyle>course</teaserImageStyle>
        <colorCategoryIdentifier>inherited</colorCategoryIdentifier>
        <moduleConfiguration>
          <config>
            <entry>
              <string>lp.configversion</string>
              <int>2</int>
            </entry>
            <entry>
              <string>node.right.report</string>
              <NodeRight>
                <typeIdentifier>report</typeIdentifier>
                <editMode>regular</editMode>
                <grants class="list">
                  <NodeRightGrant>
                    <role>owner</role>
                  </NodeRightGrant>
                  <NodeRightGrant>
                    <role>coach</role>
                  </NodeRightGrant>
                </grants>
              </NodeRight>
            </entry>
            <entry>
              <string>fully.assessed.trigger</string>
              <string>statusDone</string>
            </entry>
            <entry>
              <string>repository.softkey</string>
              <string>myopenolat_1_106413327947207</string>
            </entry>
            <entry>
              <string>obligation</string>
              <string>mandatory</string>
            </entry>
            <entry>
              <string>lp.rel.dates</string>
              <string>false</string>
            </entry>
            <entry>
              <string>node.right.execution</string>
              <NodeRight>
                <typeIdentifier>execution</typeIdentifier>
                <editMode>regular</editMode>
                <grants class="list">
                  <NodeRightGrant>
                    <role>participant</role>
                  </NodeRightGrant>
                </grants>
              </NodeRight>
            </entry>
            <entry>
              <string>configversion</string>
              <int>3</int>
            </entry>
          </config>
        </moduleConfiguration>
        <noAccessExplanation>Dieses Kurselement ist nicht zugänglich.</noAccessExplanation>
        <preConditionVisibility>
          <expertMode>false</expertMode>
          <easyModeCoachesAndAdmins>false</easyModeCoachesAndAdmins>
          <easyModeAlwaysAllowCoachesAndAdmins>false</easyModeAlwaysAllowCoachesAndAdmins>
          <assessmentMode>false</assessmentMode>
          <assessmentModeViewResults>false</assessmentModeViewResults>
        </preConditionVisibility>
        <additionalConditions/>
        <preConditionAccess>
          <expertMode>false</expertMode>
          <easyModeCoachesAndAdmins>false</easyModeCoachesAndAdmins>
          <easyModeAlwaysAllowCoachesAndAdmins>false</easyModeAlwaysAllowCoachesAndAdmins>
          <assessmentMode>false</assessmentMode>
          <assessmentModeViewResults>false</assessmentModeViewResults>
        </preConditionAccess>
      </org.olat.course.nodes.SurveyCourseNode>
      <org.olat.course.nodes.BCCourseNode>
        <ident>105253590216474</ident>
        <parent class="org.olat.course.nodes.STCourseNode" reference="../../.."/>
        <type>bc</type>
        <shortTitle></shortTitle>
        <longTitle>Kurserstellung</longTitle>
        <description>&lt;p&gt;Unterlagen, Medien, etc&lt;/p&gt;</description>
        <objectives></objectives>
        <instruction></instruction>
        <instructionalDesign></instructionalDesign>
        <displayOption>title+desc+content</displayOption>
        <teaserImageSource class="ImageSource">
          <type>course</type>
        </teaserImageSource>
        <teaserImageStyle>course</teaserImageStyle>
        <colorCategoryIdentifier>inherited</colorCategoryIdentifier>
        <moduleConfiguration>
          <config>
            <entry>
              <string>lp.configversion</string>
              <int>2</int>
            </entry>
            <entry>
              <string>config.autofolder</string>
              <string>true</string>
            </entry>
            <entry>
              <string>fully.assessed.trigger</string>
              <string>nodeVisited</string>
            </entry>
            <entry>
              <string>node.right.upload</string>
              <NodeRight>
                <typeIdentifier>upload</typeIdentifier>
                <editMode>regular</editMode>
                <grants class="list">
                  <NodeRightGrant>
                    <role>coach</role>
                  </NodeRightGrant>
                </grants>
              </NodeRight>
            </entry>
            <entry>
              <string>obligation</string>
              <string>mandatory</string>
            </entry>
            <entry>
              <string>lp.rel.dates</string>
              <string>false</string>
            </entry>
            <entry>
              <string>config.subpath</string>
              <string></string>
            </entry>
            <entry>
              <string>configversion</string>
              <int>5</int>
            </entry>
          </config>
        </moduleConfiguration>
        <noAccessExplanation>Dieses Kurselement ist nicht zugänglich.</noAccessExplanation>
        <preConditionVisibility>
          <expertMode>false</expertMode>
          <easyModeCoachesAndAdmins>false</easyModeCoachesAndAdmins>
          <easyModeAlwaysAllowCoachesAndAdmins>false</easyModeAlwaysAllowCoachesAndAdmins>
          <assessmentMode>false</assessmentMode>
          <assessmentModeViewResults>false</assessmentModeViewResults>
        </preConditionVisibility>
        <additionalConditions/>
        <preConditionAccess>
          <expertMode>false</expertMode>
          <easyModeCoachesAndAdmins>false</easyModeCoachesAndAdmins>
          <easyModeAlwaysAllowCoachesAndAdmins>false</easyModeAlwaysAllowCoachesAndAdmins>
          <assessmentMode>false</assessmentMode>
          <assessmentModeViewResults>false</assessmentModeViewResults>
        </preConditionAccess>
      </org.olat.course.nodes.BCCourseNode>
    </children>
    <type>st</type>
    <shortTitle></shortTitle>
    <longTitle>Sicherheit und Brandschutz</longTitle>
    <description></description>
    <objectives></objectives>
    <instruction></instruction>
    <instructionalDesign></instructionalDesign>
    <displayOption>title+desc+content</displayOption>
    <teaserImageSource class="ImageSource">
      <type>custom</type>
      <path>105253590214248</path>
      <filename>fire-protection-3593033__340.jpg</filename>
    </teaserImageSource>
    <teaserImageStyle>course</teaserImageStyle>
    <colorCategoryIdentifier>inherited</colorCategoryIdentifier>
    <moduleConfiguration>
      <config>
        <entry>
          <string>columns</string>
          <int>2</int>
        </entry>
        <entry>
          <string>display</string>
          <string>delegate</string>
        </entry>
        <entry>
          <string>coach.user.visibility</string>
          <string>true</string>
        </entry>
        <entry>
          <string>score.calculator.supported</string>
          <string>false</string>
        </entry>
        <entry>
          <string>peekview.filter</string>
          <string>all</string>
        </entry>
        <entry>
          <string>coach.user.grade.apply</string>
          <string>true</string>
        </entry>
        <entry>
          <string>allowRelativeLinks</string>
          <string>false</string>
        </entry>
        <entry>
          <string>deliveryOptions</string>
          <org.olat.core.gui.control.generic.iframe.DeliveryOptions>
            <standardMode>false</standardMode>
            <jQueryEnabled>true</jQueryEnabled>
            <glossaryEnabled>true</glossaryEnabled>
            <openolatCss>true</openolatCss>
          </org.olat.core.gui.control.generic.iframe.DeliveryOptions>
        </entry>
        <entry>
          <string>learning.path.sequence</string>
          <string>learning.path.sequence.sequential</string>
        </entry>
        <entry>
          <string>configversion</string>
          <int>8</int>
        </entry>
        <entry>
          <string>children.filter</string>
          <string>all</string>
        </entry>
        <entry>
          <string>lp.st.configversion</string>
          <int>1</int>
        </entry>
        <entry>
          <string>lp.obligation</string>
          <string>evaluated</string>
        </entry>
        <entry>
          <string>score.key</string>
          <string>score.sum</string>
        </entry>
        <entry>
          <string>passed.progress</string>
          <string>true</string>
        </entry>
      </config>
    </moduleConfiguration>
    <preConditionVisibility>
      <expertMode>false</expertMode>
      <easyModeCoachesAndAdmins>false</easyModeCoachesAndAdmins>
      <easyModeAlwaysAllowCoachesAndAdmins>false</easyModeAlwaysAllowCoachesAndAdmins>
      <assessmentMode>false</assessmentMode>
      <assessmentModeViewResults>false</assessmentModeViewResults>
    </preConditionVisibility>
    <additionalConditions/>
    <preConditionAccess>
      <expertMode>false</expertMode>
      <easyModeCoachesAndAdmins>false</easyModeCoachesAndAdmins>
      <easyModeAlwaysAllowCoachesAndAdmins>false</easyModeAlwaysAllowCoachesAndAdmins>
      <assessmentMode>false</assessmentMode>
      <assessmentModeViewResults>false</assessmentModeViewResults>
    </preConditionAccess>
    <scoreCalculator>
      <expertMode>false</expertMode>
      <passedCutValue>0</passedCutValue>
      <failedType>failedAsNotPassedAfterEndDate</failedType>
    </scoreCalculator>
  </rootNode>
  <version>3</version>
</org.olat.course.Structure>