<RepositoryEntryProperties>
  <key>1376278</key>
  <Softkey>myopenolat_1_106413327947190</Softkey>
  <ResourceName>-</ResourceName>
  <DisplayName>Sicherheit und Brandschutz</DisplayName>
  <Description></Description>
  <teaser>Jährlichen Sicherheits- und Brandschutzinstruktion</teaser>
  <InitialAuthor>administrator</InitialAuthor>
  <authors></authors>
  <mainLanguage>Deutsch</mainLanguage>
  <objectives></objectives>
  <requirements></requirements>
  <credits></credits>
  <expenditureOfWork>30-40 Minuten</expenditureOfWork>
  <educationalTypeIdentifier>certification.course</educationalTypeIdentifier>
  <imageName>1376278.jpg</imageName>
  <licenseTypeKey>11</licenseTypeKey>
  <licenseTypeName>all rights reserved</licenseTypeName>
  <licenseText></licenseText>
</RepositoryEntryProperties>