<RepositoryEntryProperties>
  <key>59113628</key>
  <Softkey>test10_9_106413118565136</Softkey>
  <ResourceName>-</ResourceName>
  <DisplayName>Teambuilding - together everyone achieves more</DisplayName>
  <Description>&lt;p&gt;Dieser Kurs begleitet unser einwöchiges Teambuilding Seminar. Sie finden hier alle relevanten Inhalte und Übungen, sowie Termine. &lt;/p&gt;</Description>
  <InitialAuthor>u58720256</InitialAuthor>
  <objectives></objectives>
  <requirements></requirements>
  <credits></credits>
  <imageName>59113628.jpg</imageName>
  <licenseTypeKey>1</licenseTypeKey>
  <licenseTypeName>no.license</licenseTypeName>
  <licensor>Frenzel, Tina</licensor>
  <licenseText></licenseText>
</RepositoryEntryProperties>