<?xml version="1.0" encoding="UTF-8"?>
<org.olat.course.Structure>
  <rootNode class="org.olat.course.nodes.STCourseNode">
    <ident>106202955165324</ident>
    <children>
      <org.olat.course.nodes.SPCourseNode>
        <ident>106202955165330</ident>
        <parent class="org.olat.course.nodes.STCourseNode" reference="../../.."/>
        <type>sp</type>
        <longTitle>Single page</longTitle>
        <displayOption>title+desc+content</displayOption>
        <teaserImageSource class="ImageSource">
          <type>course</type>
        </teaserImageSource>
        <teaserImageStyle>course</teaserImageStyle>
        <colorCategoryIdentifier>inherited</colorCategoryIdentifier>
        <moduleConfiguration>
          <config>
            <entry>
              <string>lp.configversion</string>
              <int>2</int>
            </entry>
            <entry>
              <string>fully.assessed.trigger</string>
              <string>nodeVisited</string>
            </entry>
            <entry>
              <string>startpage</string>
              <string>false</string>
            </entry>
            <entry>
              <string>file</string>
              <string>/single_page/single_page.html</string>
            </entry>
            <entry>
              <string>obligation</string>
              <string>mandatory</string>
            </entry>
            <entry>
              <string>lp.rel.dates</string>
              <string>false</string>
            </entry>
            <entry>
              <string>allowRelativeLinks</string>
              <string>false</string>
            </entry>
            <entry>
              <string>deliveryOptions</string>
              <org.olat.core.gui.control.generic.iframe.DeliveryOptions>
                <standardMode>false</standardMode>
                <jQueryEnabled>true</jQueryEnabled>
                <glossaryEnabled>true</glossaryEnabled>
                <openolatCss>true</openolatCss>
              </org.olat.core.gui.control.generic.iframe.DeliveryOptions>
            </entry>
            <entry>
              <string>configversion</string>
              <int>4</int>
            </entry>
          </config>
        </moduleConfiguration>
        <noAccessExplanation>This course element is not accessible.</noAccessExplanation>
        <preConditionVisibility>
          <expertMode>false</expertMode>
          <easyModeCoachesAndAdmins>false</easyModeCoachesAndAdmins>
          <easyModeAlwaysAllowCoachesAndAdmins>false</easyModeAlwaysAllowCoachesAndAdmins>
          <assessmentMode>false</assessmentMode>
          <assessmentModeViewResults>false</assessmentModeViewResults>
        </preConditionVisibility>
        <additionalConditions/>
        <preConditionAccess>
          <expertMode>false</expertMode>
          <easyModeCoachesAndAdmins>false</easyModeCoachesAndAdmins>
          <easyModeAlwaysAllowCoachesAndAdmins>false</easyModeAlwaysAllowCoachesAndAdmins>
          <assessmentMode>false</assessmentMode>
          <assessmentModeViewResults>false</assessmentModeViewResults>
        </preConditionAccess>
      </org.olat.course.nodes.SPCourseNode>
      <org.olat.course.nodes.STCourseNode>
        <ident>106202955165334</ident>
        <parent class="org.olat.course.nodes.STCourseNode" reference="../../.."/>
        <children>
          <org.olat.course.nodes.BCCourseNode>
            <ident>106202955165332</ident>
            <parent class="org.olat.course.nodes.STCourseNode" reference="../../.."/>
            <type>bc</type>
            <longTitle>Folder</longTitle>
            <displayOption>title+desc+content</displayOption>
            <teaserImageSource class="ImageSource">
              <type>course</type>
            </teaserImageSource>
            <teaserImageStyle>course</teaserImageStyle>
            <colorCategoryIdentifier>inherited</colorCategoryIdentifier>
            <moduleConfiguration>
              <config>
                <entry>
                  <string>lp.configversion</string>
                  <int>2</int>
                </entry>
                <entry>
                  <string>config.autofolder</string>
                  <string>true</string>
                </entry>
                <entry>
                  <string>fully.assessed.trigger</string>
                  <string>nodeVisited</string>
                </entry>
                <entry>
                  <string>node.right.upload</string>
                  <NodeRight>
                    <typeIdentifier>upload</typeIdentifier>
                    <editMode>regular</editMode>
                    <grants class="list">
                      <NodeRightGrant>
                        <role>coach</role>
                      </NodeRightGrant>
                    </grants>
                  </NodeRight>
                </entry>
                <entry>
                  <string>obligation</string>
                  <string>mandatory</string>
                </entry>
                <entry>
                  <string>lp.rel.dates</string>
                  <string>false</string>
                </entry>
                <entry>
                  <string>config.subpath</string>
                  <string></string>
                </entry>
                <entry>
                  <string>configversion</string>
                  <int>5</int>
                </entry>
              </config>
            </moduleConfiguration>
            <noAccessExplanation>This course element is not accessible.</noAccessExplanation>
            <preConditionVisibility>
              <expertMode>false</expertMode>
              <easyModeCoachesAndAdmins>false</easyModeCoachesAndAdmins>
              <easyModeAlwaysAllowCoachesAndAdmins>false</easyModeAlwaysAllowCoachesAndAdmins>
              <assessmentMode>false</assessmentMode>
              <assessmentModeViewResults>false</assessmentModeViewResults>
            </preConditionVisibility>
            <additionalConditions/>
            <preConditionAccess>
              <expertMode>false</expertMode>
              <easyModeCoachesAndAdmins>false</easyModeCoachesAndAdmins>
              <easyModeAlwaysAllowCoachesAndAdmins>false</easyModeAlwaysAllowCoachesAndAdmins>
              <assessmentMode>false</assessmentMode>
              <assessmentModeViewResults>false</assessmentModeViewResults>
            </preConditionAccess>
          </org.olat.course.nodes.BCCourseNode>
        </children>
        <type>st</type>
        <shortTitle></shortTitle>
        <longTitle>Structure</longTitle>
        <description></description>
        <objectives></objectives>
        <instruction></instruction>
        <instructionalDesign></instructionalDesign>
        <displayOption>title+desc+content</displayOption>
        <teaserImageSource class="ImageSource">
          <type>course</type>
        </teaserImageSource>
        <teaserImageStyle>course</teaserImageStyle>
        <colorCategoryIdentifier>inherited</colorCategoryIdentifier>
        <moduleConfiguration>
          <config>
            <entry>
              <string>columns</string>
              <int>2</int>
            </entry>
            <entry>
              <string>display</string>
              <string>delegate</string>
            </entry>
            <entry>
              <string>coach.user.visibility</string>
              <string>true</string>
            </entry>
            <entry>
              <string>score.calculator.supported</string>
              <string>false</string>
            </entry>
            <entry>
              <string>peekview.filter</string>
              <string>all</string>
            </entry>
            <entry>
              <string>coach.user.grade.apply</string>
              <string>true</string>
            </entry>
            <entry>
              <string>allowRelativeLinks</string>
              <string>false</string>
            </entry>
            <entry>
              <string>deliveryOptions</string>
              <org.olat.core.gui.control.generic.iframe.DeliveryOptions>
                <standardMode>false</standardMode>
                <jQueryEnabled>true</jQueryEnabled>
                <glossaryEnabled>true</glossaryEnabled>
                <openolatCss>true</openolatCss>
              </org.olat.core.gui.control.generic.iframe.DeliveryOptions>
            </entry>
            <entry>
              <string>learning.path.sequence</string>
              <string>learning.path.sequence.sequential</string>
            </entry>
            <entry>
              <string>configversion</string>
              <int>8</int>
            </entry>
            <entry>
              <string>children.filter</string>
              <string>all</string>
            </entry>
            <entry>
              <string>lp.st.configversion</string>
              <int>1</int>
            </entry>
            <entry>
              <string>lp.obligation</string>
              <string>evaluated</string>
            </entry>
          </config>
        </moduleConfiguration>
        <noAccessExplanation>This course element is not accessible.</noAccessExplanation>
        <preConditionVisibility>
          <expertMode>false</expertMode>
          <easyModeCoachesAndAdmins>false</easyModeCoachesAndAdmins>
          <easyModeAlwaysAllowCoachesAndAdmins>false</easyModeAlwaysAllowCoachesAndAdmins>
          <assessmentMode>false</assessmentMode>
          <assessmentModeViewResults>false</assessmentModeViewResults>
        </preConditionVisibility>
        <additionalConditions/>
        <preConditionAccess>
          <expertMode>false</expertMode>
          <easyModeCoachesAndAdmins>false</easyModeCoachesAndAdmins>
          <easyModeAlwaysAllowCoachesAndAdmins>false</easyModeAlwaysAllowCoachesAndAdmins>
          <assessmentMode>false</assessmentMode>
          <assessmentModeViewResults>false</assessmentModeViewResults>
        </preConditionAccess>
      </org.olat.course.nodes.STCourseNode>
      <org.olat.course.nodes.STCourseNode>
        <ident>106202955165336</ident>
        <parent class="org.olat.course.nodes.STCourseNode" reference="../../.."/>
        <type>st</type>
        <longTitle>Structure</longTitle>
        <displayOption>title+desc+content</displayOption>
        <teaserImageSource class="ImageSource">
          <type>course</type>
        </teaserImageSource>
        <teaserImageStyle>course</teaserImageStyle>
        <colorCategoryIdentifier>inherited</colorCategoryIdentifier>
        <moduleConfiguration>
          <config>
            <entry>
              <string>columns</string>
              <int>2</int>
            </entry>
            <entry>
              <string>display</string>
              <string>delegate</string>
            </entry>
            <entry>
              <string>coach.user.visibility</string>
              <string>true</string>
            </entry>
            <entry>
              <string>score.calculator.supported</string>
              <string>false</string>
            </entry>
            <entry>
              <string>peekview.filter</string>
              <string>all</string>
            </entry>
            <entry>
              <string>coach.user.grade.apply</string>
              <string>true</string>
            </entry>
            <entry>
              <string>allowRelativeLinks</string>
              <string>false</string>
            </entry>
            <entry>
              <string>deliveryOptions</string>
              <org.olat.core.gui.control.generic.iframe.DeliveryOptions>
                <standardMode>false</standardMode>
                <jQueryEnabled>true</jQueryEnabled>
                <glossaryEnabled>true</glossaryEnabled>
                <openolatCss>true</openolatCss>
              </org.olat.core.gui.control.generic.iframe.DeliveryOptions>
            </entry>
            <entry>
              <string>learning.path.sequence</string>
              <string>learning.path.sequence.sequential</string>
            </entry>
            <entry>
              <string>configversion</string>
              <int>8</int>
            </entry>
            <entry>
              <string>children.filter</string>
              <string>all</string>
            </entry>
            <entry>
              <string>lp.st.configversion</string>
              <int>1</int>
            </entry>
            <entry>
              <string>lp.obligation</string>
              <string>evaluated</string>
            </entry>
          </config>
        </moduleConfiguration>
        <noAccessExplanation>This course element is not accessible.</noAccessExplanation>
        <preConditionVisibility>
          <expertMode>false</expertMode>
          <easyModeCoachesAndAdmins>false</easyModeCoachesAndAdmins>
          <easyModeAlwaysAllowCoachesAndAdmins>false</easyModeAlwaysAllowCoachesAndAdmins>
          <assessmentMode>false</assessmentMode>
          <assessmentModeViewResults>false</assessmentModeViewResults>
        </preConditionVisibility>
        <additionalConditions/>
        <preConditionAccess>
          <expertMode>false</expertMode>
          <easyModeCoachesAndAdmins>false</easyModeCoachesAndAdmins>
          <easyModeAlwaysAllowCoachesAndAdmins>false</easyModeAlwaysAllowCoachesAndAdmins>
          <assessmentMode>false</assessmentMode>
          <assessmentModeViewResults>false</assessmentModeViewResults>
        </preConditionAccess>
      </org.olat.course.nodes.STCourseNode>
    </children>
    <type>st</type>
    <longTitle>TemplateCourse</longTitle>
    <displayOption>title+desc+content</displayOption>
    <teaserImageSource class="ImageSource">
      <type>course</type>
    </teaserImageSource>
    <teaserImageStyle>course</teaserImageStyle>
    <colorCategoryIdentifier>inherited</colorCategoryIdentifier>
    <moduleConfiguration>
      <config>
        <entry>
          <string>columns</string>
          <int>2</int>
        </entry>
        <entry>
          <string>display</string>
          <string>delegate</string>
        </entry>
        <entry>
          <string>coach.user.visibility</string>
          <string>true</string>
        </entry>
        <entry>
          <string>score.calculator.supported</string>
          <string>false</string>
        </entry>
        <entry>
          <string>peekview.filter</string>
          <string>all</string>
        </entry>
        <entry>
          <string>coach.user.grade.apply</string>
          <string>true</string>
        </entry>
        <entry>
          <string>allowRelativeLinks</string>
          <string>false</string>
        </entry>
        <entry>
          <string>deliveryOptions</string>
          <org.olat.core.gui.control.generic.iframe.DeliveryOptions>
            <standardMode>false</standardMode>
            <jQueryEnabled>true</jQueryEnabled>
            <glossaryEnabled>true</glossaryEnabled>
            <openolatCss>true</openolatCss>
          </org.olat.core.gui.control.generic.iframe.DeliveryOptions>
        </entry>
        <entry>
          <string>learning.path.sequence</string>
          <string>learning.path.sequence.sequential</string>
        </entry>
        <entry>
          <string>configversion</string>
          <int>8</int>
        </entry>
        <entry>
          <string>children.filter</string>
          <string>all</string>
        </entry>
        <entry>
          <string>lp.st.configversion</string>
          <int>1</int>
        </entry>
        <entry>
          <string>lp.obligation</string>
          <string>evaluated</string>
        </entry>
        <entry>
          <string>score.key</string>
          <string>score.sum</string>
        </entry>
        <entry>
          <string>passed.progress</string>
          <string>true</string>
        </entry>
      </config>
    </moduleConfiguration>
    <preConditionVisibility>
      <expertMode>false</expertMode>
      <easyModeCoachesAndAdmins>false</easyModeCoachesAndAdmins>
      <easyModeAlwaysAllowCoachesAndAdmins>false</easyModeAlwaysAllowCoachesAndAdmins>
      <assessmentMode>false</assessmentMode>
      <assessmentModeViewResults>false</assessmentModeViewResults>
    </preConditionVisibility>
    <additionalConditions/>
    <preConditionAccess>
      <expertMode>false</expertMode>
      <easyModeCoachesAndAdmins>false</easyModeCoachesAndAdmins>
      <easyModeAlwaysAllowCoachesAndAdmins>false</easyModeAlwaysAllowCoachesAndAdmins>
      <assessmentMode>false</assessmentMode>
      <assessmentModeViewResults>false</assessmentModeViewResults>
    </preConditionAccess>
  </rootNode>
  <version>3</version>
</org.olat.course.Structure>