<?xml version="1.0" encoding="UTF-8"?>
<org.olat.course.Structure>
  <rootNode class="org.olat.course.nodes.STCourseNode">
    <ident>104325821113909</ident>
    <children>
      <org.olat.course.nodes.InfoCourseNode>
        <ident>104325821114232</ident>
        <parent class="org.olat.course.nodes.STCourseNode" reference="../../.."/>
        <type>info</type>
        <shortTitle></shortTitle>
        <longTitle>Mitteilungen</longTitle>
        <description>&lt;p&gt;Mitteilungen von Ihrer Lehrperson finden Sie hier.&lt;/p&gt;</description>
        <objectives></objectives>
        <instruction></instruction>
        <instructionalDesign></instructionalDesign>
        <displayOption>title+desc+content</displayOption>
        <teaserImageSource class="ImageSource">
          <type>none</type>
        </teaserImageSource>
        <teaserImageStyle>course</teaserImageStyle>
        <colorCategoryIdentifier>inherited</colorCategoryIdentifier>
        <moduleConfiguration>
          <config>
            <entry>
              <string>lp.configversion</string>
              <int>2</int>
            </entry>
            <entry>
              <string>fully.assessed.trigger</string>
              <string>nodeVisited</string>
            </entry>
            <entry>
              <string>node.right.admin</string>
              <NodeRight>
                <typeIdentifier>admin</typeIdentifier>
                <editMode>regular</editMode>
                <grants class="list">
                  <NodeRightGrant>
                    <role>coach</role>
                  </NodeRightGrant>
                </grants>
              </NodeRight>
            </entry>
            <entry>
              <string>autosubscribe</string>
              <string>on</string>
            </entry>
            <entry>
              <string>obligation</string>
              <string>optional</string>
            </entry>
            <entry>
              <string>node.right.edit</string>
              <NodeRight>
                <typeIdentifier>edit</typeIdentifier>
                <editMode>regular</editMode>
                <grants class="list">
                  <NodeRightGrant>
                    <role>coach</role>
                  </NodeRightGrant>
                </grants>
              </NodeRight>
            </entry>
            <entry>
              <string>lp.rel.dates</string>
              <string>false</string>
            </entry>
            <entry>
              <string>length</string>
              <string>10</string>
            </entry>
            <entry>
              <string>infos.duration</string>
              <string>90</string>
            </entry>
            <entry>
              <string>configversion</string>
              <int>5</int>
            </entry>
          </config>
        </moduleConfiguration>
        <noAccessExplanation>Dieses Kurselement ist nicht zugänglich.</noAccessExplanation>
        <preConditionVisibility>
          <expertMode>false</expertMode>
          <easyModeCoachesAndAdmins>false</easyModeCoachesAndAdmins>
          <easyModeAlwaysAllowCoachesAndAdmins>false</easyModeAlwaysAllowCoachesAndAdmins>
          <assessmentMode>false</assessmentMode>
          <assessmentModeViewResults>false</assessmentModeViewResults>
        </preConditionVisibility>
        <additionalConditions/>
        <preConditionAccess>
          <expertMode>false</expertMode>
          <easyModeCoachesAndAdmins>false</easyModeCoachesAndAdmins>
          <easyModeAlwaysAllowCoachesAndAdmins>false</easyModeAlwaysAllowCoachesAndAdmins>
          <assessmentMode>false</assessmentMode>
          <assessmentModeViewResults>false</assessmentModeViewResults>
        </preConditionAccess>
      </org.olat.course.nodes.InfoCourseNode>
      <org.olat.course.nodes.FOCourseNode>
        <ident>104325821114230</ident>
        <parent class="org.olat.course.nodes.STCourseNode" reference="../../.."/>
        <type>fo</type>
        <shortTitle></shortTitle>
        <longTitle>Forum</longTitle>
        <description>&lt;p&gt;Im Forum können Sie sich austauschen und Ihre Fragen an die Lehrperson können Sie hier platzieren.&lt;/p&gt;</description>
        <objectives></objectives>
        <instruction></instruction>
        <instructionalDesign></instructionalDesign>
        <displayOption>title+desc+content</displayOption>
        <teaserImageSource class="ImageSource">
          <type>none</type>
        </teaserImageSource>
        <teaserImageStyle>course</teaserImageStyle>
        <colorCategoryIdentifier>inherited</colorCategoryIdentifier>
        <moduleConfiguration>
          <config>
            <entry>
              <string>lp.configversion</string>
              <int>2</int>
            </entry>
            <entry>
              <string>pseudonym.post.default</string>
              <string>false</string>
            </entry>
            <entry>
              <string>pseudonym.post.allowed</string>
              <string>false</string>
            </entry>
            <entry>
              <string>guest.post.allowed</string>
              <string>false</string>
            </entry>
            <entry>
              <string>fully.assessed.trigger</string>
              <string>nodeVisited</string>
            </entry>
            <entry>
              <string>startpage</string>
              <string>false</string>
            </entry>
            <entry>
              <string>obligation</string>
              <string>optional</string>
            </entry>
            <entry>
              <string>lp.rel.dates</string>
              <string>false</string>
            </entry>
            <entry>
              <string>node.right.post</string>
              <NodeRight>
                <typeIdentifier>post</typeIdentifier>
                <editMode>regular</editMode>
                <grants class="list">
                  <NodeRightGrant>
                    <role>coach</role>
                  </NodeRightGrant>
                  <NodeRightGrant>
                    <role>participant</role>
                  </NodeRightGrant>
                </grants>
              </NodeRight>
            </entry>
            <entry>
              <string>node.right.moderate</string>
              <NodeRight>
                <typeIdentifier>moderate</typeIdentifier>
                <editMode>regular</editMode>
                <grants class="list">
                  <NodeRightGrant>
                    <role>coach</role>
                  </NodeRightGrant>
                </grants>
              </NodeRight>
            </entry>
            <entry>
              <string>configversion</string>
              <int>6</int>
            </entry>
          </config>
        </moduleConfiguration>
        <noAccessExplanation>Dieses Kurselement ist nicht zugänglich.</noAccessExplanation>
        <preConditionVisibility>
          <expertMode>false</expertMode>
          <easyModeCoachesAndAdmins>false</easyModeCoachesAndAdmins>
          <easyModeAlwaysAllowCoachesAndAdmins>false</easyModeAlwaysAllowCoachesAndAdmins>
          <assessmentMode>false</assessmentMode>
          <assessmentModeViewResults>false</assessmentModeViewResults>
        </preConditionVisibility>
        <additionalConditions/>
        <preConditionAccess>
          <expertMode>false</expertMode>
          <easyModeCoachesAndAdmins>false</easyModeCoachesAndAdmins>
          <easyModeAlwaysAllowCoachesAndAdmins>false</easyModeAlwaysAllowCoachesAndAdmins>
          <assessmentMode>false</assessmentMode>
          <assessmentModeViewResults>false</assessmentModeViewResults>
        </preConditionAccess>
      </org.olat.course.nodes.FOCourseNode>
      <org.olat.course.nodes.BCCourseNode>
        <ident>104998297344757</ident>
        <parent class="org.olat.course.nodes.STCourseNode" reference="../../.."/>
        <type>bc</type>
        <shortTitle></shortTitle>
        <longTitle>Allg. Unterrichtsmaterial</longTitle>
        <description>&lt;p&gt;Allgemein zur Verfügung gestelltes Material für dieses Modul finden Sie hier.&lt;/p&gt;</description>
        <objectives></objectives>
        <instruction></instruction>
        <instructionalDesign>&lt;p&gt;Weitere Unterlagen für die Dozierenden sind im Betreuer-Ordner (unter Administration) zu finden.&lt;/p&gt;</instructionalDesign>
        <displayOption>title+desc+content</displayOption>
        <teaserImageSource class="ImageSource">
          <type>course</type>
        </teaserImageSource>
        <teaserImageStyle>course</teaserImageStyle>
        <colorCategoryIdentifier>inherited</colorCategoryIdentifier>
        <moduleConfiguration>
          <config>
            <entry>
              <string>lp.configversion</string>
              <int>2</int>
            </entry>
            <entry>
              <string>config.autofolder</string>
              <string>false</string>
            </entry>
            <entry>
              <string>fully.assessed.trigger</string>
              <string>nodeVisited</string>
            </entry>
            <entry>
              <string>node.right.upload</string>
              <NodeRight>
                <typeIdentifier>upload</typeIdentifier>
                <editMode>regular</editMode>
                <grants class="list">
                  <NodeRightGrant>
                    <role>coach</role>
                  </NodeRightGrant>
                </grants>
              </NodeRight>
            </entry>
            <entry>
              <string>obligation</string>
              <string>mandatory</string>
            </entry>
            <entry>
              <string>lp.rel.dates</string>
              <string>false</string>
            </entry>
            <entry>
              <string>config.subpath</string>
              <string>/Allg. Unterrichtsmaterial</string>
            </entry>
            <entry>
              <string>configversion</string>
              <int>5</int>
            </entry>
          </config>
        </moduleConfiguration>
        <noAccessExplanation>Dieses Kurselement ist nicht zugänglich.</noAccessExplanation>
        <preConditionVisibility>
          <expertMode>false</expertMode>
          <easyModeCoachesAndAdmins>false</easyModeCoachesAndAdmins>
          <easyModeAlwaysAllowCoachesAndAdmins>false</easyModeAlwaysAllowCoachesAndAdmins>
          <assessmentMode>false</assessmentMode>
          <assessmentModeViewResults>false</assessmentModeViewResults>
        </preConditionVisibility>
        <additionalConditions/>
        <preConditionAccess>
          <expertMode>false</expertMode>
          <easyModeCoachesAndAdmins>false</easyModeCoachesAndAdmins>
          <easyModeAlwaysAllowCoachesAndAdmins>false</easyModeAlwaysAllowCoachesAndAdmins>
          <assessmentMode>false</assessmentMode>
          <assessmentModeViewResults>false</assessmentModeViewResults>
        </preConditionAccess>
      </org.olat.course.nodes.BCCourseNode>
      <org.olat.course.nodes.BCCourseNode>
        <ident>104325821114266</ident>
        <parent class="org.olat.course.nodes.STCourseNode" reference="../../.."/>
        <type>bc</type>
        <shortTitle></shortTitle>
        <longTitle>Material von Dozent/in</longTitle>
        <description>&lt;p&gt;Das Unterrichtsmaterial von Ihrer/m Dozent/in finden Sie hier.&lt;/p&gt;</description>
        <objectives></objectives>
        <instruction></instruction>
        <instructionalDesign>&lt;p&gt;Allfällige weitere Dokumente für die Studierenden bitte hier hochladen und zur Verfügung stellen.&lt;/p&gt;</instructionalDesign>
        <displayOption>title+desc+content</displayOption>
        <teaserImageSource class="ImageSource">
          <type>none</type>
        </teaserImageSource>
        <teaserImageStyle>course</teaserImageStyle>
        <colorCategoryIdentifier>inherited</colorCategoryIdentifier>
        <moduleConfiguration>
          <config>
            <entry>
              <string>lp.configversion</string>
              <int>2</int>
            </entry>
            <entry>
              <string>config.autofolder</string>
              <string>true</string>
            </entry>
            <entry>
              <string>fully.assessed.trigger</string>
              <string>nodeVisited</string>
            </entry>
            <entry>
              <string>node.right.upload</string>
              <NodeRight>
                <typeIdentifier>upload</typeIdentifier>
                <editMode>regular</editMode>
                <grants class="list">
                  <NodeRightGrant>
                    <role>coach</role>
                  </NodeRightGrant>
                </grants>
              </NodeRight>
            </entry>
            <entry>
              <string>obligation</string>
              <string>optional</string>
            </entry>
            <entry>
              <string>lp.rel.dates</string>
              <string>false</string>
            </entry>
            <entry>
              <string>config.subpath</string>
              <string></string>
            </entry>
            <entry>
              <string>configversion</string>
              <int>5</int>
            </entry>
          </config>
        </moduleConfiguration>
        <noAccessExplanation>Dieses Kurselement ist nicht zugänglich.</noAccessExplanation>
        <preConditionVisibility>
          <expertMode>false</expertMode>
          <easyModeCoachesAndAdmins>false</easyModeCoachesAndAdmins>
          <easyModeAlwaysAllowCoachesAndAdmins>false</easyModeAlwaysAllowCoachesAndAdmins>
          <assessmentMode>false</assessmentMode>
          <assessmentModeViewResults>false</assessmentModeViewResults>
        </preConditionVisibility>
        <additionalConditions/>
        <preConditionAccess>
          <expertMode>false</expertMode>
          <easyModeCoachesAndAdmins>false</easyModeCoachesAndAdmins>
          <easyModeAlwaysAllowCoachesAndAdmins>false</easyModeAlwaysAllowCoachesAndAdmins>
          <assessmentMode>false</assessmentMode>
          <assessmentModeViewResults>false</assessmentModeViewResults>
        </preConditionAccess>
      </org.olat.course.nodes.BCCourseNode>
      <org.olat.course.nodes.STCourseNode>
        <ident>104325821114316</ident>
        <parent class="org.olat.course.nodes.STCourseNode" reference="../../.."/>
        <children>
          <org.olat.course.nodes.STCourseNode>
            <ident>104998297207485</ident>
            <parent class="org.olat.course.nodes.STCourseNode" reference="../../.."/>
            <children>
              <org.olat.course.nodes.VideoCourseNode>
                <ident>104998297223719</ident>
                <parent class="org.olat.course.nodes.STCourseNode" reference="../../.."/>
                <type>video</type>
                <shortTitle></shortTitle>
                <longTitle>Marketing-Grundlagen</longTitle>
                <description></description>
                <objectives></objectives>
                <instruction></instruction>
                <instructionalDesign></instructionalDesign>
                <displayOption>title+desc+content</displayOption>
                <teaserImageSource class="ImageSource">
                  <type>course</type>
                </teaserImageSource>
                <teaserImageStyle>course</teaserImageStyle>
                <colorCategoryIdentifier>inherited</colorCategoryIdentifier>
                <moduleConfiguration>
                  <config>
                    <entry>
                      <string>courseSpecificCommentsRatings</string>
                      <string>true</string>
                    </entry>
                    <entry>
                      <string>comments</string>
                      <string>false</string>
                    </entry>
                    <entry>
                      <string>rating</string>
                      <string>false</string>
                    </entry>
                    <entry>
                      <string>title</string>
                      <string>false</string>
                    </entry>
                    <entry>
                      <string>autoplay</string>
                      <string>false</string>
                    </entry>
                    <entry>
                      <string>forwardSeekingRestricted</string>
                      <string>false</string>
                    </entry>
                    <entry>
                      <string>configversion</string>
                      <int>3</int>
                    </entry>
                    <entry>
                      <string>lp.configversion</string>
                      <int>2</int>
                    </entry>
                    <entry>
                      <string>fully.assessed.trigger</string>
                      <string>statusDone</string>
                    </entry>
                    <entry>
                      <string>descriptionSelect</string>
                      <string>none</string>
                    </entry>
                    <entry>
                      <string>obligation</string>
                      <string>mandatory</string>
                    </entry>
                    <entry>
                      <string>lp.rel.dates</string>
                      <string>false</string>
                    </entry>
                    <entry>
                      <string>reporef</string>
                      <string>test6_6_106435079459440</string>
                    </entry>
                  </config>
                </moduleConfiguration>
                <noAccessExplanation>Dieses Kurselement ist nicht zugänglich.</noAccessExplanation>
                <preConditionVisibility>
                  <expertMode>false</expertMode>
                  <easyModeCoachesAndAdmins>false</easyModeCoachesAndAdmins>
                  <easyModeAlwaysAllowCoachesAndAdmins>false</easyModeAlwaysAllowCoachesAndAdmins>
                  <assessmentMode>false</assessmentMode>
                  <assessmentModeViewResults>false</assessmentModeViewResults>
                </preConditionVisibility>
                <additionalConditions/>
                <preConditionAccess>
                  <expertMode>false</expertMode>
                  <easyModeCoachesAndAdmins>false</easyModeCoachesAndAdmins>
                  <easyModeAlwaysAllowCoachesAndAdmins>false</easyModeAlwaysAllowCoachesAndAdmins>
                  <assessmentMode>false</assessmentMode>
                  <assessmentModeViewResults>false</assessmentModeViewResults>
                </preConditionAccess>
              </org.olat.course.nodes.VideoCourseNode>
              <org.olat.course.nodes.VideoCourseNode>
                <ident>104998297223802</ident>
                <parent class="org.olat.course.nodes.STCourseNode" reference="../../.."/>
                <type>video</type>
                <shortTitle></shortTitle>
                <longTitle>Marketing-Einführung</longTitle>
                <description></description>
                <objectives></objectives>
                <instruction></instruction>
                <instructionalDesign></instructionalDesign>
                <displayOption>title+desc+content</displayOption>
                <teaserImageSource class="ImageSource">
                  <type>course</type>
                </teaserImageSource>
                <teaserImageStyle>course</teaserImageStyle>
                <colorCategoryIdentifier>inherited</colorCategoryIdentifier>
                <moduleConfiguration>
                  <config>
                    <entry>
                      <string>courseSpecificCommentsRatings</string>
                      <string>true</string>
                    </entry>
                    <entry>
                      <string>comments</string>
                      <string>false</string>
                    </entry>
                    <entry>
                      <string>rating</string>
                      <string>false</string>
                    </entry>
                    <entry>
                      <string>title</string>
                      <string>false</string>
                    </entry>
                    <entry>
                      <string>autoplay</string>
                      <string>false</string>
                    </entry>
                    <entry>
                      <string>forwardSeekingRestricted</string>
                      <string>false</string>
                    </entry>
                    <entry>
                      <string>configversion</string>
                      <int>3</int>
                    </entry>
                    <entry>
                      <string>lp.configversion</string>
                      <int>2</int>
                    </entry>
                    <entry>
                      <string>fully.assessed.trigger</string>
                      <string>statusDone</string>
                    </entry>
                    <entry>
                      <string>descriptionSelect</string>
                      <string>none</string>
                    </entry>
                    <entry>
                      <string>obligation</string>
                      <string>mandatory</string>
                    </entry>
                    <entry>
                      <string>lp.rel.dates</string>
                      <string>false</string>
                    </entry>
                    <entry>
                      <string>reporef</string>
                      <string>test6_6_106435079459443</string>
                    </entry>
                  </config>
                </moduleConfiguration>
                <noAccessExplanation>Dieses Kurselement ist nicht zugänglich.</noAccessExplanation>
                <preConditionVisibility>
                  <expertMode>false</expertMode>
                  <easyModeCoachesAndAdmins>false</easyModeCoachesAndAdmins>
                  <easyModeAlwaysAllowCoachesAndAdmins>false</easyModeAlwaysAllowCoachesAndAdmins>
                  <assessmentMode>false</assessmentMode>
                  <assessmentModeViewResults>false</assessmentModeViewResults>
                </preConditionVisibility>
                <additionalConditions/>
                <preConditionAccess>
                  <expertMode>false</expertMode>
                  <easyModeCoachesAndAdmins>false</easyModeCoachesAndAdmins>
                  <easyModeAlwaysAllowCoachesAndAdmins>false</easyModeAlwaysAllowCoachesAndAdmins>
                  <assessmentMode>false</assessmentMode>
                  <assessmentModeViewResults>false</assessmentModeViewResults>
                </preConditionAccess>
              </org.olat.course.nodes.VideoCourseNode>
            </children>
            <type>st</type>
            <shortTitle></shortTitle>
            <longTitle>Vorbereitung</longTitle>
            <description></description>
            <objectives></objectives>
            <instruction></instruction>
            <instructionalDesign></instructionalDesign>
            <displayOption>title+desc+content</displayOption>
            <teaserImageSource class="ImageSource">
              <type>none</type>
            </teaserImageSource>
            <teaserImageStyle>course</teaserImageStyle>
            <colorCategoryIdentifier>inherited</colorCategoryIdentifier>
            <moduleConfiguration>
              <config>
                <entry>
                  <string>columns</string>
                  <int>2</int>
                </entry>
                <entry>
                  <string>display</string>
                  <string>delegate</string>
                </entry>
                <entry>
                  <string>coach.user.visibility</string>
                  <string>true</string>
                </entry>
                <entry>
                  <string>score.calculator.supported</string>
                  <string>false</string>
                </entry>
                <entry>
                  <string>peekview.filter</string>
                  <string>all</string>
                </entry>
                <entry>
                  <string>coach.user.grade.apply</string>
                  <string>true</string>
                </entry>
                <entry>
                  <string>allowRelativeLinks</string>
                  <string>false</string>
                </entry>
                <entry>
                  <string>deliveryOptions</string>
                  <org.olat.core.gui.control.generic.iframe.DeliveryOptions>
                    <standardMode>false</standardMode>
                    <jQueryEnabled>true</jQueryEnabled>
                    <glossaryEnabled>true</glossaryEnabled>
                    <openolatCss>true</openolatCss>
                  </org.olat.core.gui.control.generic.iframe.DeliveryOptions>
                </entry>
                <entry>
                  <string>learning.path.sequence</string>
                  <string>learning.path.sequence.without</string>
                </entry>
                <entry>
                  <string>configversion</string>
                  <int>8</int>
                </entry>
                <entry>
                  <string>children.filter</string>
                  <string>all</string>
                </entry>
                <entry>
                  <string>lp.st.configversion</string>
                  <int>1</int>
                </entry>
                <entry>
                  <string>lp.obligation</string>
                  <string>evaluated</string>
                </entry>
              </config>
            </moduleConfiguration>
            <noAccessExplanation>Dieses Kurselement ist nicht zugänglich.</noAccessExplanation>
            <preConditionVisibility>
              <expertMode>false</expertMode>
              <easyModeCoachesAndAdmins>false</easyModeCoachesAndAdmins>
              <easyModeAlwaysAllowCoachesAndAdmins>false</easyModeAlwaysAllowCoachesAndAdmins>
              <assessmentMode>false</assessmentMode>
              <assessmentModeViewResults>false</assessmentModeViewResults>
            </preConditionVisibility>
            <additionalConditions/>
            <preConditionAccess>
              <expertMode>false</expertMode>
              <easyModeCoachesAndAdmins>false</easyModeCoachesAndAdmins>
              <easyModeAlwaysAllowCoachesAndAdmins>false</easyModeAlwaysAllowCoachesAndAdmins>
              <assessmentMode>false</assessmentMode>
              <assessmentModeViewResults>false</assessmentModeViewResults>
            </preConditionAccess>
            <scoreCalculator>
              <expertMode>false</expertMode>
              <passedCutValue>0</passedCutValue>
              <failedType>failedAsNotPassedAfterEndDate</failedType>
            </scoreCalculator>
          </org.olat.course.nodes.STCourseNode>
          <org.olat.course.nodes.STCourseNode>
            <ident>104998297207483</ident>
            <parent class="org.olat.course.nodes.STCourseNode" reference="../../.."/>
            <children>
              <org.olat.course.nodes.BCCourseNode>
                <ident>104998297276324</ident>
                <parent class="org.olat.course.nodes.STCourseNode" reference="../../.."/>
                <type>bc</type>
                <shortTitle>Material</shortTitle>
                <longTitle>Handouts</longTitle>
                <description></description>
                <objectives></objectives>
                <instruction></instruction>
                <instructionalDesign></instructionalDesign>
                <displayOption>title+desc+content</displayOption>
                <teaserImageSource class="ImageSource">
                  <type>course</type>
                </teaserImageSource>
                <teaserImageStyle>course</teaserImageStyle>
                <colorCategoryIdentifier>inherited</colorCategoryIdentifier>
                <moduleConfiguration>
                  <config>
                    <entry>
                      <string>lp.configversion</string>
                      <int>2</int>
                    </entry>
                    <entry>
                      <string>config.autofolder</string>
                      <string>true</string>
                    </entry>
                    <entry>
                      <string>fully.assessed.trigger</string>
                      <string>nodeVisited</string>
                    </entry>
                    <entry>
                      <string>node.right.upload</string>
                      <NodeRight>
                        <typeIdentifier>upload</typeIdentifier>
                        <editMode>regular</editMode>
                        <grants class="list">
                          <NodeRightGrant>
                            <role>coach</role>
                          </NodeRightGrant>
                        </grants>
                      </NodeRight>
                    </entry>
                    <entry>
                      <string>obligation</string>
                      <string>mandatory</string>
                    </entry>
                    <entry>
                      <string>lp.rel.dates</string>
                      <string>false</string>
                    </entry>
                    <entry>
                      <string>config.subpath</string>
                      <string></string>
                    </entry>
                    <entry>
                      <string>configversion</string>
                      <int>5</int>
                    </entry>
                  </config>
                </moduleConfiguration>
                <noAccessExplanation>Dieses Kurselement ist nicht zugänglich.</noAccessExplanation>
                <preConditionVisibility>
                  <expertMode>false</expertMode>
                  <easyModeCoachesAndAdmins>false</easyModeCoachesAndAdmins>
                  <easyModeAlwaysAllowCoachesAndAdmins>false</easyModeAlwaysAllowCoachesAndAdmins>
                  <assessmentMode>false</assessmentMode>
                  <assessmentModeViewResults>false</assessmentModeViewResults>
                </preConditionVisibility>
                <additionalConditions/>
                <preConditionAccess>
                  <expertMode>false</expertMode>
                  <easyModeCoachesAndAdmins>false</easyModeCoachesAndAdmins>
                  <easyModeAlwaysAllowCoachesAndAdmins>false</easyModeAlwaysAllowCoachesAndAdmins>
                  <assessmentMode>false</assessmentMode>
                  <assessmentModeViewResults>false</assessmentModeViewResults>
                </preConditionAccess>
              </org.olat.course.nodes.BCCourseNode>
            </children>
            <type>st</type>
            <shortTitle></shortTitle>
            <longTitle>Kontaktstudium</longTitle>
            <description></description>
            <objectives></objectives>
            <instruction></instruction>
            <instructionalDesign></instructionalDesign>
            <displayOption>title+desc+content</displayOption>
            <teaserImageSource class="ImageSource">
              <type>none</type>
            </teaserImageSource>
            <teaserImageStyle>course</teaserImageStyle>
            <colorCategoryIdentifier>inherited</colorCategoryIdentifier>
            <moduleConfiguration>
              <config>
                <entry>
                  <string>columns</string>
                  <int>2</int>
                </entry>
                <entry>
                  <string>display</string>
                  <string>delegate</string>
                </entry>
                <entry>
                  <string>coach.user.visibility</string>
                  <string>true</string>
                </entry>
                <entry>
                  <string>score.calculator.supported</string>
                  <string>false</string>
                </entry>
                <entry>
                  <string>peekview.filter</string>
                  <string>all</string>
                </entry>
                <entry>
                  <string>coach.user.grade.apply</string>
                  <string>true</string>
                </entry>
                <entry>
                  <string>allowRelativeLinks</string>
                  <string>false</string>
                </entry>
                <entry>
                  <string>deliveryOptions</string>
                  <org.olat.core.gui.control.generic.iframe.DeliveryOptions>
                    <standardMode>false</standardMode>
                    <jQueryEnabled>true</jQueryEnabled>
                    <glossaryEnabled>true</glossaryEnabled>
                    <openolatCss>true</openolatCss>
                  </org.olat.core.gui.control.generic.iframe.DeliveryOptions>
                </entry>
                <entry>
                  <string>learning.path.sequence</string>
                  <string>learning.path.sequence.without</string>
                </entry>
                <entry>
                  <string>configversion</string>
                  <int>8</int>
                </entry>
                <entry>
                  <string>children.filter</string>
                  <string>all</string>
                </entry>
                <entry>
                  <string>lp.st.configversion</string>
                  <int>1</int>
                </entry>
                <entry>
                  <string>lp.obligation</string>
                  <string>evaluated</string>
                </entry>
              </config>
            </moduleConfiguration>
            <noAccessExplanation>Dieses Kurselement ist nicht zugänglich.</noAccessExplanation>
            <preConditionVisibility>
              <expertMode>false</expertMode>
              <easyModeCoachesAndAdmins>false</easyModeCoachesAndAdmins>
              <easyModeAlwaysAllowCoachesAndAdmins>false</easyModeAlwaysAllowCoachesAndAdmins>
              <assessmentMode>false</assessmentMode>
              <assessmentModeViewResults>false</assessmentModeViewResults>
            </preConditionVisibility>
            <additionalConditions/>
            <preConditionAccess>
              <expertMode>false</expertMode>
              <easyModeCoachesAndAdmins>false</easyModeCoachesAndAdmins>
              <easyModeAlwaysAllowCoachesAndAdmins>false</easyModeAlwaysAllowCoachesAndAdmins>
              <assessmentMode>false</assessmentMode>
              <assessmentModeViewResults>false</assessmentModeViewResults>
            </preConditionAccess>
            <scoreCalculator>
              <expertMode>false</expertMode>
              <passedCutValue>0</passedCutValue>
              <failedType>failedAsNotPassedAfterEndDate</failedType>
            </scoreCalculator>
          </org.olat.course.nodes.STCourseNode>
          <org.olat.course.nodes.STCourseNode>
            <ident>104998297207481</ident>
            <parent class="org.olat.course.nodes.STCourseNode" reference="../../.."/>
            <children>
              <org.olat.course.nodes.IQTESTCourseNode>
                <ident>104998297207602</ident>
                <parent class="org.olat.course.nodes.STCourseNode" reference="../../.."/>
                <type>iqtest</type>
                <shortTitle></shortTitle>
                <longTitle>Lernkontrolle</longTitle>
                <description></description>
                <objectives></objectives>
                <instruction></instruction>
                <instructionalDesign></instructionalDesign>
                <displayOption>title+desc+content</displayOption>
                <teaserImageSource class="ImageSource">
                  <type>none</type>
                </teaserImageSource>
                <teaserImageStyle>course</teaserImageStyle>
                <colorCategoryIdentifier>inherited</colorCategoryIdentifier>
                <moduleConfiguration>
                  <config>
                    <entry>
                      <string>ignoreInCourseAssessment</string>
                      <string>false</string>
                    </entry>
                    <entry>
                      <string>failedResultsEndDateRelTo</string>
                      <null/>
                    </entry>
                    <entry>
                      <string>configversion</string>
                      <int>3</int>
                    </entry>
                    <entry>
                      <string>mode</string>
                      <string>Assessment</string>
                    </entry>
                    <entry>
                      <string>failedResultsStartDateRel</string>
                      <int>-1</int>
                    </entry>
                    <entry>
                      <string>failedResultsStartDateRelTo</string>
                      <null/>
                    </entry>
                    <entry>
                      <string>resultsStartTestDateRel</string>
                      <int>-1</int>
                    </entry>
                    <entry>
                      <string>allowHighscore</string>
                      <boolean>true</boolean>
                    </entry>
                    <entry>
                      <string>dateStartingRelTo</string>
                      <null/>
                    </entry>
                    <entry>
                      <string>correctionMode</string>
                      <string>auto</string>
                    </entry>
                    <entry>
                      <string>resultsStartDateRelTo</string>
                      <null/>
                    </entry>
                    <entry>
                      <string>histogram</string>
                      <boolean>true</boolean>
                    </entry>
                    <entry>
                      <string>sequence</string>
                      <string>itemPage</string>
                    </entry>
                    <entry>
                      <string>passedResultsEndDateRelTo</string>
                      <null/>
                    </entry>
                    <entry>
                      <string>highscore.rel.date</string>
                      <string>false</string>
                    </entry>
                    <entry>
                      <string>obligation</string>
                      <string>mandatory</string>
                    </entry>
                    <entry>
                      <string>podium</string>
                      <boolean>true</boolean>
                    </entry>
                    <entry>
                      <string>passedResultsStartDateRel</string>
                      <int>-1</int>
                    </entry>
                    <entry>
                      <string>dateStartingRel</string>
                      <int>-1</int>
                    </entry>
                    <entry>
                      <string>position</string>
                      <boolean>true</boolean>
                    </entry>
                    <entry>
                      <string>renderMenu</string>
                      <boolean>false</boolean>
                    </entry>
                    <entry>
                      <string>enableCancel</string>
                      <boolean>false</boolean>
                    </entry>
                    <entry>
                      <string>dateDependentTest</string>
                      <string>false</string>
                    </entry>
                    <entry>
                      <string>numUser</string>
                      <int>10</int>
                    </entry>
                    <entry>
                      <string>resultsEndDateRel</string>
                      <int>-1</int>
                    </entry>
                    <entry>
                      <string>lp.configversion</string>
                      <int>2</int>
                    </entry>
                    <entry>
                      <string>passedResultsStartDateRelTo</string>
                      <null/>
                    </entry>
                    <entry>
                      <string>enableScoreInfo</string>
                      <string>true</string>
                    </entry>
                    <entry>
                      <string>relative.dates</string>
                      <string>false</string>
                    </entry>
                    <entry>
                      <string>resultsEndTestDateRel</string>
                      <int>-1</int>
                    </entry>
                    <entry>
                      <string>lp.rel.dates</string>
                      <string>false</string>
                    </entry>
                    <entry>
                      <string>enableMenu</string>
                      <boolean>true</boolean>
                    </entry>
                    <entry>
                      <string>configFromRef</string>
                      <boolean>true</boolean>
                    </entry>
                    <entry>
                      <string>showResultsOnFinish</string>
                      <string>true</string>
                    </entry>
                    <entry>
                      <string>listing</string>
                      <boolean>true</boolean>
                    </entry>
                    <entry>
                      <string>showResultsOnHomePage</string>
                      <string>false</string>
                    </entry>
                    <entry>
                      <string>summary</string>
                      <string>metadata,questionSummary,userSolutions,correctSolutions,sectionsSummary</string>
                    </entry>
                    <entry>
                      <string>anonymize</string>
                      <boolean>true</boolean>
                    </entry>
                    <entry>
                      <string>dateDependentResults</string>
                      <string>no</string>
                    </entry>
                    <entry>
                      <string>repoSoftkey</string>
                      <string>test6_6_106435079459446</string>
                    </entry>
                    <entry>
                      <string>resultsStartTestDateRelTo</string>
                      <null/>
                    </entry>
                    <entry>
                      <string>resultsEndDateRelTo</string>
                      <null/>
                    </entry>
                    <entry>
                      <string>resultsEndTestDateRelTo</string>
                      <null/>
                    </entry>
                    <entry>
                      <string>enableSuspend</string>
                      <boolean>false</boolean>
                    </entry>
                    <entry>
                      <string>qtitype</string>
                      <string>qti2w</string>
                    </entry>
                    <entry>
                      <string>fully.assessed.trigger</string>
                      <string>statusInReview</string>
                    </entry>
                    <entry>
                      <string>failedResultsEndDateRel</string>
                      <int>-1</int>
                    </entry>
                    <entry>
                      <string>passedResultsEndDateRel</string>
                      <int>-1</int>
                    </entry>
                    <entry>
                      <string>resultsStartDateRel</string>
                      <int>-1</int>
                    </entry>
                    <entry>
                      <string>bestOnly</string>
                      <int>1</int>
                    </entry>
                  </config>
                </moduleConfiguration>
                <noAccessExplanation>Dieses Kurselement ist nicht zugänglich.</noAccessExplanation>
                <preConditionVisibility>
                  <expertMode>false</expertMode>
                  <easyModeCoachesAndAdmins>false</easyModeCoachesAndAdmins>
                  <easyModeAlwaysAllowCoachesAndAdmins>false</easyModeAlwaysAllowCoachesAndAdmins>
                  <assessmentMode>false</assessmentMode>
                  <assessmentModeViewResults>false</assessmentModeViewResults>
                </preConditionVisibility>
                <additionalConditions/>
                <preConditionAccess>
                  <expertMode>false</expertMode>
                  <easyModeCoachesAndAdmins>false</easyModeCoachesAndAdmins>
                  <easyModeAlwaysAllowCoachesAndAdmins>false</easyModeAlwaysAllowCoachesAndAdmins>
                  <assessmentMode>false</assessmentMode>
                  <assessmentModeViewResults>false</assessmentModeViewResults>
                </preConditionAccess>
              </org.olat.course.nodes.IQTESTCourseNode>
            </children>
            <type>st</type>
            <shortTitle></shortTitle>
            <longTitle>Nachbereitung</longTitle>
            <description></description>
            <objectives></objectives>
            <instruction></instruction>
            <instructionalDesign></instructionalDesign>
            <displayOption>title+desc+content</displayOption>
            <teaserImageSource class="ImageSource">
              <type>none</type>
            </teaserImageSource>
            <teaserImageStyle>course</teaserImageStyle>
            <colorCategoryIdentifier>inherited</colorCategoryIdentifier>
            <moduleConfiguration>
              <config>
                <entry>
                  <string>columns</string>
                  <int>2</int>
                </entry>
                <entry>
                  <string>display</string>
                  <string>delegate</string>
                </entry>
                <entry>
                  <string>coach.user.visibility</string>
                  <string>true</string>
                </entry>
                <entry>
                  <string>score.calculator.supported</string>
                  <string>false</string>
                </entry>
                <entry>
                  <string>peekview.filter</string>
                  <string>all</string>
                </entry>
                <entry>
                  <string>coach.user.grade.apply</string>
                  <string>true</string>
                </entry>
                <entry>
                  <string>allowRelativeLinks</string>
                  <string>false</string>
                </entry>
                <entry>
                  <string>deliveryOptions</string>
                  <org.olat.core.gui.control.generic.iframe.DeliveryOptions>
                    <standardMode>false</standardMode>
                    <jQueryEnabled>true</jQueryEnabled>
                    <glossaryEnabled>true</glossaryEnabled>
                    <openolatCss>true</openolatCss>
                  </org.olat.core.gui.control.generic.iframe.DeliveryOptions>
                </entry>
                <entry>
                  <string>learning.path.sequence</string>
                  <string>learning.path.sequence.without</string>
                </entry>
                <entry>
                  <string>configversion</string>
                  <int>8</int>
                </entry>
                <entry>
                  <string>children.filter</string>
                  <string>all</string>
                </entry>
                <entry>
                  <string>lp.st.configversion</string>
                  <int>1</int>
                </entry>
                <entry>
                  <string>lp.obligation</string>
                  <string>evaluated</string>
                </entry>
              </config>
            </moduleConfiguration>
            <noAccessExplanation>Dieses Kurselement ist nicht zugänglich.</noAccessExplanation>
            <preConditionVisibility>
              <expertMode>false</expertMode>
              <easyModeCoachesAndAdmins>false</easyModeCoachesAndAdmins>
              <easyModeAlwaysAllowCoachesAndAdmins>false</easyModeAlwaysAllowCoachesAndAdmins>
              <assessmentMode>false</assessmentMode>
              <assessmentModeViewResults>false</assessmentModeViewResults>
            </preConditionVisibility>
            <additionalConditions/>
            <preConditionAccess>
              <expertMode>false</expertMode>
              <easyModeCoachesAndAdmins>false</easyModeCoachesAndAdmins>
              <easyModeAlwaysAllowCoachesAndAdmins>false</easyModeAlwaysAllowCoachesAndAdmins>
              <assessmentMode>false</assessmentMode>
              <assessmentModeViewResults>false</assessmentModeViewResults>
            </preConditionAccess>
            <scoreCalculator>
              <expertMode>false</expertMode>
              <passedCutValue>0</passedCutValue>
              <failedType>failedAsNotPassedAfterEndDate</failedType>
            </scoreCalculator>
          </org.olat.course.nodes.STCourseNode>
        </children>
        <type>st</type>
        <shortTitle>1. Lerneinheit</shortTitle>
        <longTitle>Entwicklung und Bedeutung des Marketings / Marketingkonzept &amp; Marktsystem / Analyse</longTitle>
        <description></description>
        <objectives></objectives>
        <instruction></instruction>
        <instructionalDesign></instructionalDesign>
        <displayOption>title+desc+content</displayOption>
        <teaserImageSource class="ImageSource">
          <type>none</type>
        </teaserImageSource>
        <teaserImageStyle>course</teaserImageStyle>
        <colorCategoryIdentifier>inherited</colorCategoryIdentifier>
        <moduleConfiguration>
          <config>
            <entry>
              <string>columns</string>
              <int>1</int>
            </entry>
            <entry>
              <string>display</string>
              <string>peekview</string>
            </entry>
            <entry>
              <string>coach.user.visibility</string>
              <string>true</string>
            </entry>
            <entry>
              <string>score.calculator.supported</string>
              <string>false</string>
            </entry>
            <entry>
              <string>peekview.filter</string>
              <string>all</string>
            </entry>
            <entry>
              <string>coach.user.grade.apply</string>
              <string>true</string>
            </entry>
            <entry>
              <string>allowRelativeLinks</string>
              <string>false</string>
            </entry>
            <entry>
              <string>deliveryOptions</string>
              <org.olat.core.gui.control.generic.iframe.DeliveryOptions>
                <standardMode>false</standardMode>
                <jQueryEnabled>true</jQueryEnabled>
                <glossaryEnabled>true</glossaryEnabled>
                <openolatCss>true</openolatCss>
              </org.olat.core.gui.control.generic.iframe.DeliveryOptions>
            </entry>
            <entry>
              <string>configversion</string>
              <int>8</int>
            </entry>
            <entry>
              <string>learning.path.sequence</string>
              <string>learning.path.sequence.without</string>
            </entry>
            <entry>
              <string>children.filter</string>
              <string>all</string>
            </entry>
            <entry>
              <string>lp.st.configversion</string>
              <int>1</int>
            </entry>
            <entry>
              <string>lp.obligation</string>
              <string>evaluated</string>
            </entry>
          </config>
        </moduleConfiguration>
        <noAccessExplanation>Dieses Kurselement ist nicht zugänglich.</noAccessExplanation>
        <preConditionVisibility>
          <expertMode>false</expertMode>
          <easyModeCoachesAndAdmins>false</easyModeCoachesAndAdmins>
          <easyModeAlwaysAllowCoachesAndAdmins>false</easyModeAlwaysAllowCoachesAndAdmins>
          <assessmentMode>false</assessmentMode>
          <assessmentModeViewResults>false</assessmentModeViewResults>
        </preConditionVisibility>
        <additionalConditions/>
        <preConditionAccess>
          <expertMode>false</expertMode>
          <easyModeCoachesAndAdmins>false</easyModeCoachesAndAdmins>
          <easyModeAlwaysAllowCoachesAndAdmins>false</easyModeAlwaysAllowCoachesAndAdmins>
          <assessmentMode>false</assessmentMode>
          <assessmentModeViewResults>false</assessmentModeViewResults>
        </preConditionAccess>
        <scoreCalculator>
          <expertMode>false</expertMode>
          <passedCutValue>0</passedCutValue>
          <failedType>failedAsNotPassedAfterEndDate</failedType>
        </scoreCalculator>
      </org.olat.course.nodes.STCourseNode>
      <org.olat.course.nodes.STCourseNode>
        <ident>104998297207475</ident>
        <parent class="org.olat.course.nodes.STCourseNode" reference="../../.."/>
        <children>
          <org.olat.course.nodes.STCourseNode>
            <ident>104998297207503</ident>
            <parent class="org.olat.course.nodes.STCourseNode" reference="../../.."/>
            <children>
              <org.olat.course.nodes.VideoCourseNode>
                <ident>104998297224082</ident>
                <parent class="org.olat.course.nodes.STCourseNode" reference="../../.."/>
                <type>video</type>
                <shortTitle></shortTitle>
                <longTitle>Marktforschung</longTitle>
                <description></description>
                <objectives></objectives>
                <instruction></instruction>
                <instructionalDesign></instructionalDesign>
                <displayOption>title+desc+content</displayOption>
                <teaserImageSource class="ImageSource">
                  <type>course</type>
                </teaserImageSource>
                <teaserImageStyle>course</teaserImageStyle>
                <colorCategoryIdentifier>inherited</colorCategoryIdentifier>
                <moduleConfiguration>
                  <config>
                    <entry>
                      <string>courseSpecificCommentsRatings</string>
                      <string>true</string>
                    </entry>
                    <entry>
                      <string>comments</string>
                      <string>false</string>
                    </entry>
                    <entry>
                      <string>rating</string>
                      <string>false</string>
                    </entry>
                    <entry>
                      <string>title</string>
                      <string>false</string>
                    </entry>
                    <entry>
                      <string>autoplay</string>
                      <string>false</string>
                    </entry>
                    <entry>
                      <string>forwardSeekingRestricted</string>
                      <string>false</string>
                    </entry>
                    <entry>
                      <string>configversion</string>
                      <int>2</int>
                    </entry>
                    <entry>
                      <string>lp.configversion</string>
                      <int>2</int>
                    </entry>
                    <entry>
                      <string>fully.assessed.trigger</string>
                      <string>statusDone</string>
                    </entry>
                    <entry>
                      <string>descriptionSelect</string>
                      <string>none</string>
                    </entry>
                    <entry>
                      <string>obligation</string>
                      <string>mandatory</string>
                    </entry>
                    <entry>
                      <string>lp.rel.dates</string>
                      <string>false</string>
                    </entry>
                    <entry>
                      <string>reporef</string>
                      <string>test6_6_106435079459448</string>
                    </entry>
                  </config>
                </moduleConfiguration>
                <noAccessExplanation>Dieses Kurselement ist nicht zugänglich.</noAccessExplanation>
                <preConditionVisibility>
                  <expertMode>false</expertMode>
                  <easyModeCoachesAndAdmins>false</easyModeCoachesAndAdmins>
                  <easyModeAlwaysAllowCoachesAndAdmins>false</easyModeAlwaysAllowCoachesAndAdmins>
                  <assessmentMode>false</assessmentMode>
                  <assessmentModeViewResults>false</assessmentModeViewResults>
                </preConditionVisibility>
                <additionalConditions/>
                <preConditionAccess>
                  <expertMode>false</expertMode>
                  <easyModeCoachesAndAdmins>false</easyModeCoachesAndAdmins>
                  <easyModeAlwaysAllowCoachesAndAdmins>false</easyModeAlwaysAllowCoachesAndAdmins>
                  <assessmentMode>false</assessmentMode>
                  <assessmentModeViewResults>false</assessmentModeViewResults>
                </preConditionAccess>
              </org.olat.course.nodes.VideoCourseNode>
            </children>
            <type>st</type>
            <shortTitle></shortTitle>
            <longTitle>Vorbereitung</longTitle>
            <description></description>
            <objectives></objectives>
            <instruction></instruction>
            <instructionalDesign></instructionalDesign>
            <displayOption>title+desc+content</displayOption>
            <teaserImageSource class="ImageSource">
              <type>none</type>
            </teaserImageSource>
            <teaserImageStyle>course</teaserImageStyle>
            <colorCategoryIdentifier>inherited</colorCategoryIdentifier>
            <moduleConfiguration>
              <config>
                <entry>
                  <string>columns</string>
                  <int>2</int>
                </entry>
                <entry>
                  <string>display</string>
                  <string>peekview</string>
                </entry>
                <entry>
                  <string>coach.user.visibility</string>
                  <string>true</string>
                </entry>
                <entry>
                  <string>score.calculator.supported</string>
                  <string>false</string>
                </entry>
                <entry>
                  <string>peekview.filter</string>
                  <string>all</string>
                </entry>
                <entry>
                  <string>coach.user.grade.apply</string>
                  <string>true</string>
                </entry>
                <entry>
                  <string>allowRelativeLinks</string>
                  <string>false</string>
                </entry>
                <entry>
                  <string>deliveryOptions</string>
                  <org.olat.core.gui.control.generic.iframe.DeliveryOptions>
                    <standardMode>false</standardMode>
                    <jQueryEnabled>true</jQueryEnabled>
                    <glossaryEnabled>true</glossaryEnabled>
                    <openolatCss>true</openolatCss>
                  </org.olat.core.gui.control.generic.iframe.DeliveryOptions>
                </entry>
                <entry>
                  <string>learning.path.sequence</string>
                  <string>learning.path.sequence.without</string>
                </entry>
                <entry>
                  <string>configversion</string>
                  <int>8</int>
                </entry>
                <entry>
                  <string>children.filter</string>
                  <string>all</string>
                </entry>
                <entry>
                  <string>lp.st.configversion</string>
                  <int>1</int>
                </entry>
                <entry>
                  <string>lp.obligation</string>
                  <string>evaluated</string>
                </entry>
              </config>
            </moduleConfiguration>
            <noAccessExplanation>Dieses Kurselement ist nicht zugänglich.</noAccessExplanation>
            <preConditionVisibility>
              <expertMode>false</expertMode>
              <easyModeCoachesAndAdmins>false</easyModeCoachesAndAdmins>
              <easyModeAlwaysAllowCoachesAndAdmins>false</easyModeAlwaysAllowCoachesAndAdmins>
              <assessmentMode>false</assessmentMode>
              <assessmentModeViewResults>false</assessmentModeViewResults>
            </preConditionVisibility>
            <additionalConditions/>
            <preConditionAccess>
              <expertMode>false</expertMode>
              <easyModeCoachesAndAdmins>false</easyModeCoachesAndAdmins>
              <easyModeAlwaysAllowCoachesAndAdmins>false</easyModeAlwaysAllowCoachesAndAdmins>
              <assessmentMode>false</assessmentMode>
              <assessmentModeViewResults>false</assessmentModeViewResults>
            </preConditionAccess>
            <scoreCalculator>
              <expertMode>false</expertMode>
              <passedCutValue>0</passedCutValue>
              <failedType>failedAsNotPassedAfterEndDate</failedType>
            </scoreCalculator>
          </org.olat.course.nodes.STCourseNode>
          <org.olat.course.nodes.STCourseNode>
            <ident>104998297207501</ident>
            <parent class="org.olat.course.nodes.STCourseNode" reference="../../.."/>
            <children>
              <org.olat.course.nodes.BCCourseNode>
                <ident>104998297276347</ident>
                <parent class="org.olat.course.nodes.STCourseNode" reference="../../.."/>
                <type>bc</type>
                <shortTitle></shortTitle>
                <longTitle>Material</longTitle>
                <description></description>
                <objectives></objectives>
                <instruction></instruction>
                <instructionalDesign></instructionalDesign>
                <displayOption>title+desc+content</displayOption>
                <teaserImageSource class="ImageSource">
                  <type>course</type>
                </teaserImageSource>
                <teaserImageStyle>course</teaserImageStyle>
                <colorCategoryIdentifier>inherited</colorCategoryIdentifier>
                <moduleConfiguration>
                  <config>
                    <entry>
                      <string>lp.configversion</string>
                      <int>2</int>
                    </entry>
                    <entry>
                      <string>config.autofolder</string>
                      <string>true</string>
                    </entry>
                    <entry>
                      <string>fully.assessed.trigger</string>
                      <string>nodeVisited</string>
                    </entry>
                    <entry>
                      <string>node.right.upload</string>
                      <NodeRight>
                        <typeIdentifier>upload</typeIdentifier>
                        <editMode>regular</editMode>
                        <grants class="list">
                          <NodeRightGrant>
                            <role>coach</role>
                          </NodeRightGrant>
                        </grants>
                      </NodeRight>
                    </entry>
                    <entry>
                      <string>obligation</string>
                      <string>mandatory</string>
                    </entry>
                    <entry>
                      <string>lp.rel.dates</string>
                      <string>false</string>
                    </entry>
                    <entry>
                      <string>config.subpath</string>
                      <string></string>
                    </entry>
                    <entry>
                      <string>configversion</string>
                      <int>5</int>
                    </entry>
                  </config>
                </moduleConfiguration>
                <noAccessExplanation>Dieses Kurselement ist nicht zugänglich.</noAccessExplanation>
                <preConditionVisibility>
                  <expertMode>false</expertMode>
                  <easyModeCoachesAndAdmins>false</easyModeCoachesAndAdmins>
                  <easyModeAlwaysAllowCoachesAndAdmins>false</easyModeAlwaysAllowCoachesAndAdmins>
                  <assessmentMode>false</assessmentMode>
                  <assessmentModeViewResults>false</assessmentModeViewResults>
                </preConditionVisibility>
                <additionalConditions/>
                <preConditionAccess>
                  <expertMode>false</expertMode>
                  <easyModeCoachesAndAdmins>false</easyModeCoachesAndAdmins>
                  <easyModeAlwaysAllowCoachesAndAdmins>false</easyModeAlwaysAllowCoachesAndAdmins>
                  <assessmentMode>false</assessmentMode>
                  <assessmentModeViewResults>false</assessmentModeViewResults>
                </preConditionAccess>
              </org.olat.course.nodes.BCCourseNode>
            </children>
            <type>st</type>
            <shortTitle></shortTitle>
            <longTitle>Kontaktstudium</longTitle>
            <description></description>
            <objectives></objectives>
            <instruction></instruction>
            <instructionalDesign></instructionalDesign>
            <displayOption>title+desc+content</displayOption>
            <teaserImageSource class="ImageSource">
              <type>none</type>
            </teaserImageSource>
            <teaserImageStyle>course</teaserImageStyle>
            <colorCategoryIdentifier>inherited</colorCategoryIdentifier>
            <moduleConfiguration>
              <config>
                <entry>
                  <string>columns</string>
                  <int>2</int>
                </entry>
                <entry>
                  <string>display</string>
                  <string>delegate</string>
                </entry>
                <entry>
                  <string>coach.user.visibility</string>
                  <string>true</string>
                </entry>
                <entry>
                  <string>score.calculator.supported</string>
                  <string>false</string>
                </entry>
                <entry>
                  <string>peekview.filter</string>
                  <string>all</string>
                </entry>
                <entry>
                  <string>coach.user.grade.apply</string>
                  <string>true</string>
                </entry>
                <entry>
                  <string>allowRelativeLinks</string>
                  <string>false</string>
                </entry>
                <entry>
                  <string>deliveryOptions</string>
                  <org.olat.core.gui.control.generic.iframe.DeliveryOptions>
                    <standardMode>false</standardMode>
                    <jQueryEnabled>true</jQueryEnabled>
                    <glossaryEnabled>true</glossaryEnabled>
                    <openolatCss>true</openolatCss>
                  </org.olat.core.gui.control.generic.iframe.DeliveryOptions>
                </entry>
                <entry>
                  <string>learning.path.sequence</string>
                  <string>learning.path.sequence.without</string>
                </entry>
                <entry>
                  <string>configversion</string>
                  <int>8</int>
                </entry>
                <entry>
                  <string>children.filter</string>
                  <string>all</string>
                </entry>
                <entry>
                  <string>lp.st.configversion</string>
                  <int>1</int>
                </entry>
                <entry>
                  <string>lp.obligation</string>
                  <string>evaluated</string>
                </entry>
              </config>
            </moduleConfiguration>
            <noAccessExplanation>Dieses Kurselement ist nicht zugänglich.</noAccessExplanation>
            <preConditionVisibility>
              <expertMode>false</expertMode>
              <easyModeCoachesAndAdmins>false</easyModeCoachesAndAdmins>
              <easyModeAlwaysAllowCoachesAndAdmins>false</easyModeAlwaysAllowCoachesAndAdmins>
              <assessmentMode>false</assessmentMode>
              <assessmentModeViewResults>false</assessmentModeViewResults>
            </preConditionVisibility>
            <additionalConditions/>
            <preConditionAccess>
              <expertMode>false</expertMode>
              <easyModeCoachesAndAdmins>false</easyModeCoachesAndAdmins>
              <easyModeAlwaysAllowCoachesAndAdmins>false</easyModeAlwaysAllowCoachesAndAdmins>
              <assessmentMode>false</assessmentMode>
              <assessmentModeViewResults>false</assessmentModeViewResults>
            </preConditionAccess>
            <scoreCalculator>
              <expertMode>false</expertMode>
              <passedCutValue>0</passedCutValue>
              <failedType>failedAsNotPassedAfterEndDate</failedType>
            </scoreCalculator>
          </org.olat.course.nodes.STCourseNode>
          <org.olat.course.nodes.STCourseNode>
            <ident>104998297207499</ident>
            <parent class="org.olat.course.nodes.STCourseNode" reference="../../.."/>
            <children>
              <org.olat.course.nodes.IQTESTCourseNode>
                <ident>104998297277763</ident>
                <parent class="org.olat.course.nodes.STCourseNode" reference="../../.."/>
                <type>iqtest</type>
                <shortTitle></shortTitle>
                <longTitle>Lernkontrolle</longTitle>
                <description></description>
                <objectives></objectives>
                <instruction></instruction>
                <instructionalDesign></instructionalDesign>
                <displayOption>title+desc+content</displayOption>
                <teaserImageSource class="ImageSource">
                  <type>none</type>
                </teaserImageSource>
                <teaserImageStyle>course</teaserImageStyle>
                <colorCategoryIdentifier>inherited</colorCategoryIdentifier>
                <moduleConfiguration>
                  <config>
                    <entry>
                      <string>ignoreInCourseAssessment</string>
                      <string>false</string>
                    </entry>
                    <entry>
                      <string>failedResultsEndDateRelTo</string>
                      <null/>
                    </entry>
                    <entry>
                      <string>enableCancel</string>
                      <boolean>false</boolean>
                    </entry>
                    <entry>
                      <string>dateDependentTest</string>
                      <string>false</string>
                    </entry>
                    <entry>
                      <string>configversion</string>
                      <int>3</int>
                    </entry>
                    <entry>
                      <string>resultsEndDateRel</string>
                      <int>-1</int>
                    </entry>
                    <entry>
                      <string>lp.configversion</string>
                      <int>2</int>
                    </entry>
                    <entry>
                      <string>mode</string>
                      <string>Assessment</string>
                    </entry>
                    <entry>
                      <string>passedResultsStartDateRelTo</string>
                      <null/>
                    </entry>
                    <entry>
                      <string>enableScoreInfo</string>
                      <string>true</string>
                    </entry>
                    <entry>
                      <string>relative.dates</string>
                      <string>false</string>
                    </entry>
                    <entry>
                      <string>resultsEndTestDateRel</string>
                      <int>-1</int>
                    </entry>
                    <entry>
                      <string>lp.rel.dates</string>
                      <string>false</string>
                    </entry>
                    <entry>
                      <string>enableMenu</string>
                      <boolean>true</boolean>
                    </entry>
                    <entry>
                      <string>configFromRef</string>
                      <boolean>true</boolean>
                    </entry>
                    <entry>
                      <string>showResultsOnFinish</string>
                      <string>true</string>
                    </entry>
                    <entry>
                      <string>failedResultsStartDateRel</string>
                      <int>-1</int>
                    </entry>
                    <entry>
                      <string>failedResultsStartDateRelTo</string>
                      <null/>
                    </entry>
                    <entry>
                      <string>showResultsOnHomePage</string>
                      <string>false</string>
                    </entry>
                    <entry>
                      <string>resultsStartTestDateRel</string>
                      <int>-1</int>
                    </entry>
                    <entry>
                      <string>summary</string>
                      <string>metadata,questionSummary,userSolutions,correctSolutions,sectionsSummary</string>
                    </entry>
                    <entry>
                      <string>dateDependentResults</string>
                      <string>no</string>
                    </entry>
                    <entry>
                      <string>repoSoftkey</string>
                      <string>test6_6_106435079459451</string>
                    </entry>
                    <entry>
                      <string>resultsStartTestDateRelTo</string>
                      <null/>
                    </entry>
                    <entry>
                      <string>resultsEndDateRelTo</string>
                      <null/>
                    </entry>
                    <entry>
                      <string>correctionMode</string>
                      <string>auto</string>
                    </entry>
                    <entry>
                      <string>resultsEndTestDateRelTo</string>
                      <null/>
                    </entry>
                    <entry>
                      <string>resultsStartDateRelTo</string>
                      <null/>
                    </entry>
                    <entry>
                      <string>enableSuspend</string>
                      <boolean>false</boolean>
                    </entry>
                    <entry>
                      <string>qtitype</string>
                      <string>qti2w</string>
                    </entry>
                    <entry>
                      <string>sequence</string>
                      <string>itemPage</string>
                    </entry>
                    <entry>
                      <string>passedResultsEndDateRelTo</string>
                      <null/>
                    </entry>
                    <entry>
                      <string>fully.assessed.trigger</string>
                      <string>statusInReview</string>
                    </entry>
                    <entry>
                      <string>obligation</string>
                      <string>mandatory</string>
                    </entry>
                    <entry>
                      <string>passedResultsStartDateRel</string>
                      <int>-1</int>
                    </entry>
                    <entry>
                      <string>renderMenu</string>
                      <boolean>false</boolean>
                    </entry>
                    <entry>
                      <string>failedResultsEndDateRel</string>
                      <int>-1</int>
                    </entry>
                    <entry>
                      <string>passedResultsEndDateRel</string>
                      <int>-1</int>
                    </entry>
                    <entry>
                      <string>resultsStartDateRel</string>
                      <int>-1</int>
                    </entry>
                  </config>
                </moduleConfiguration>
                <noAccessExplanation>Dieses Kurselement ist nicht zugänglich.</noAccessExplanation>
                <preConditionVisibility>
                  <expertMode>false</expertMode>
                  <easyModeCoachesAndAdmins>false</easyModeCoachesAndAdmins>
                  <easyModeAlwaysAllowCoachesAndAdmins>false</easyModeAlwaysAllowCoachesAndAdmins>
                  <assessmentMode>false</assessmentMode>
                  <assessmentModeViewResults>false</assessmentModeViewResults>
                </preConditionVisibility>
                <additionalConditions/>
                <preConditionAccess>
                  <expertMode>false</expertMode>
                  <easyModeCoachesAndAdmins>false</easyModeCoachesAndAdmins>
                  <easyModeAlwaysAllowCoachesAndAdmins>false</easyModeAlwaysAllowCoachesAndAdmins>
                  <assessmentMode>false</assessmentMode>
                  <assessmentModeViewResults>false</assessmentModeViewResults>
                </preConditionAccess>
              </org.olat.course.nodes.IQTESTCourseNode>
            </children>
            <type>st</type>
            <shortTitle></shortTitle>
            <longTitle>Nachbereitung</longTitle>
            <description></description>
            <objectives></objectives>
            <instruction></instruction>
            <instructionalDesign></instructionalDesign>
            <displayOption>title+desc+content</displayOption>
            <teaserImageSource class="ImageSource">
              <type>none</type>
            </teaserImageSource>
            <teaserImageStyle>course</teaserImageStyle>
            <colorCategoryIdentifier>inherited</colorCategoryIdentifier>
            <moduleConfiguration>
              <config>
                <entry>
                  <string>columns</string>
                  <int>2</int>
                </entry>
                <entry>
                  <string>display</string>
                  <string>delegate</string>
                </entry>
                <entry>
                  <string>coach.user.visibility</string>
                  <string>true</string>
                </entry>
                <entry>
                  <string>score.calculator.supported</string>
                  <string>false</string>
                </entry>
                <entry>
                  <string>peekview.filter</string>
                  <string>all</string>
                </entry>
                <entry>
                  <string>coach.user.grade.apply</string>
                  <string>true</string>
                </entry>
                <entry>
                  <string>allowRelativeLinks</string>
                  <string>false</string>
                </entry>
                <entry>
                  <string>deliveryOptions</string>
                  <org.olat.core.gui.control.generic.iframe.DeliveryOptions>
                    <standardMode>false</standardMode>
                    <jQueryEnabled>true</jQueryEnabled>
                    <glossaryEnabled>true</glossaryEnabled>
                    <openolatCss>true</openolatCss>
                  </org.olat.core.gui.control.generic.iframe.DeliveryOptions>
                </entry>
                <entry>
                  <string>learning.path.sequence</string>
                  <string>learning.path.sequence.without</string>
                </entry>
                <entry>
                  <string>configversion</string>
                  <int>8</int>
                </entry>
                <entry>
                  <string>children.filter</string>
                  <string>all</string>
                </entry>
                <entry>
                  <string>lp.st.configversion</string>
                  <int>1</int>
                </entry>
                <entry>
                  <string>lp.obligation</string>
                  <string>evaluated</string>
                </entry>
              </config>
            </moduleConfiguration>
            <noAccessExplanation>Dieses Kurselement ist nicht zugänglich.</noAccessExplanation>
            <preConditionVisibility>
              <expertMode>false</expertMode>
              <easyModeCoachesAndAdmins>false</easyModeCoachesAndAdmins>
              <easyModeAlwaysAllowCoachesAndAdmins>false</easyModeAlwaysAllowCoachesAndAdmins>
              <assessmentMode>false</assessmentMode>
              <assessmentModeViewResults>false</assessmentModeViewResults>
            </preConditionVisibility>
            <additionalConditions/>
            <preConditionAccess>
              <expertMode>false</expertMode>
              <easyModeCoachesAndAdmins>false</easyModeCoachesAndAdmins>
              <easyModeAlwaysAllowCoachesAndAdmins>false</easyModeAlwaysAllowCoachesAndAdmins>
              <assessmentMode>false</assessmentMode>
              <assessmentModeViewResults>false</assessmentModeViewResults>
            </preConditionAccess>
            <scoreCalculator>
              <expertMode>false</expertMode>
              <passedCutValue>0</passedCutValue>
              <failedType>failedAsNotPassedAfterEndDate</failedType>
            </scoreCalculator>
          </org.olat.course.nodes.STCourseNode>
        </children>
        <type>st</type>
        <shortTitle>2. Lerneinheit</shortTitle>
        <longTitle>Marktforschung / Marketingziele / Marketingstrategien</longTitle>
        <description></description>
        <objectives></objectives>
        <instruction></instruction>
        <instructionalDesign></instructionalDesign>
        <displayOption>title+desc+content</displayOption>
        <teaserImageSource class="ImageSource">
          <type>none</type>
        </teaserImageSource>
        <teaserImageStyle>course</teaserImageStyle>
        <colorCategoryIdentifier>inherited</colorCategoryIdentifier>
        <moduleConfiguration>
          <config>
            <entry>
              <string>columns</string>
              <int>2</int>
            </entry>
            <entry>
              <string>display</string>
              <string>peekview</string>
            </entry>
            <entry>
              <string>coach.user.visibility</string>
              <string>true</string>
            </entry>
            <entry>
              <string>score.calculator.supported</string>
              <string>false</string>
            </entry>
            <entry>
              <string>peekview.filter</string>
              <string>all</string>
            </entry>
            <entry>
              <string>coach.user.grade.apply</string>
              <string>true</string>
            </entry>
            <entry>
              <string>allowRelativeLinks</string>
              <string>false</string>
            </entry>
            <entry>
              <string>deliveryOptions</string>
              <org.olat.core.gui.control.generic.iframe.DeliveryOptions>
                <standardMode>false</standardMode>
                <jQueryEnabled>true</jQueryEnabled>
                <glossaryEnabled>true</glossaryEnabled>
                <openolatCss>true</openolatCss>
              </org.olat.core.gui.control.generic.iframe.DeliveryOptions>
            </entry>
            <entry>
              <string>learning.path.sequence</string>
              <string>learning.path.sequence.without</string>
            </entry>
            <entry>
              <string>configversion</string>
              <int>8</int>
            </entry>
            <entry>
              <string>children.filter</string>
              <string>all</string>
            </entry>
            <entry>
              <string>lp.st.configversion</string>
              <int>1</int>
            </entry>
            <entry>
              <string>lp.obligation</string>
              <string>evaluated</string>
            </entry>
          </config>
        </moduleConfiguration>
        <noAccessExplanation>Dieses Kurselement ist nicht zugänglich.</noAccessExplanation>
        <preConditionVisibility>
          <expertMode>false</expertMode>
          <easyModeCoachesAndAdmins>false</easyModeCoachesAndAdmins>
          <easyModeAlwaysAllowCoachesAndAdmins>false</easyModeAlwaysAllowCoachesAndAdmins>
          <assessmentMode>false</assessmentMode>
          <assessmentModeViewResults>false</assessmentModeViewResults>
        </preConditionVisibility>
        <additionalConditions/>
        <preConditionAccess>
          <expertMode>false</expertMode>
          <easyModeCoachesAndAdmins>false</easyModeCoachesAndAdmins>
          <easyModeAlwaysAllowCoachesAndAdmins>false</easyModeAlwaysAllowCoachesAndAdmins>
          <assessmentMode>false</assessmentMode>
          <assessmentModeViewResults>false</assessmentModeViewResults>
        </preConditionAccess>
        <scoreCalculator>
          <expertMode>false</expertMode>
          <passedCutValue>0</passedCutValue>
          <failedType>failedAsNotPassedAfterEndDate</failedType>
        </scoreCalculator>
      </org.olat.course.nodes.STCourseNode>
    </children>
    <type>st</type>
    <shortTitle>Marketing</shortTitle>
    <longTitle>RE-Demo - Marketing</longTitle>
    <description>&lt;p&gt;Herzlich willkommen im Modul Marketing&lt;/p&gt;</description>
    <objectives></objectives>
    <instruction></instruction>
    <instructionalDesign></instructionalDesign>
    <displayOption>title+desc+content</displayOption>
    <teaserImageSource class="ImageSource">
      <type>custom</type>
      <path>104325821113909</path>
      <filename>BVS.jpg</filename>
    </teaserImageSource>
    <teaserImageStyle>course</teaserImageStyle>
    <colorCategoryIdentifier>inherited</colorCategoryIdentifier>
    <moduleConfiguration>
      <config>
        <entry>
          <string>columns</string>
          <int>2</int>
        </entry>
        <entry>
          <string>display</string>
          <string>peekview</string>
        </entry>
        <entry>
          <string>coach.user.visibility</string>
          <string>true</string>
        </entry>
        <entry>
          <string>score.calculator.supported</string>
          <string>false</string>
        </entry>
        <entry>
          <string>peekview.filter</string>
          <string>all</string>
        </entry>
        <entry>
          <string>coach.user.grade.apply</string>
          <string>true</string>
        </entry>
        <entry>
          <string>allowRelativeLinks</string>
          <string>false</string>
        </entry>
        <entry>
          <string>deliveryOptions</string>
          <org.olat.core.gui.control.generic.iframe.DeliveryOptions>
            <standardMode>false</standardMode>
            <jQueryEnabled>true</jQueryEnabled>
            <glossaryEnabled>true</glossaryEnabled>
            <openolatCss>true</openolatCss>
          </org.olat.core.gui.control.generic.iframe.DeliveryOptions>
        </entry>
        <entry>
          <string>configversion</string>
          <int>8</int>
        </entry>
        <entry>
          <string>learning.path.sequence</string>
          <string>learning.path.sequence.without</string>
        </entry>
        <entry>
          <string>children.filter</string>
          <string>all</string>
        </entry>
        <entry>
          <string>lp.st.configversion</string>
          <int>1</int>
        </entry>
        <entry>
          <string>score.key</string>
          <string>score.sum</string>
        </entry>
        <entry>
          <string>passed.progress</string>
          <string>true</string>
        </entry>
        <entry>
          <string>lp.obligation</string>
          <string>evaluated</string>
        </entry>
      </config>
    </moduleConfiguration>
    <preConditionVisibility>
      <expertMode>false</expertMode>
      <easyModeCoachesAndAdmins>false</easyModeCoachesAndAdmins>
      <easyModeAlwaysAllowCoachesAndAdmins>false</easyModeAlwaysAllowCoachesAndAdmins>
      <assessmentMode>false</assessmentMode>
      <assessmentModeViewResults>false</assessmentModeViewResults>
    </preConditionVisibility>
    <additionalConditions/>
    <preConditionAccess>
      <expertMode>false</expertMode>
      <easyModeCoachesAndAdmins>false</easyModeCoachesAndAdmins>
      <easyModeAlwaysAllowCoachesAndAdmins>false</easyModeAlwaysAllowCoachesAndAdmins>
      <assessmentMode>false</assessmentMode>
      <assessmentModeViewResults>false</assessmentModeViewResults>
    </preConditionAccess>
    <scoreCalculator>
      <expertMode>false</expertMode>
      <passedCutValue>0</passedCutValue>
      <failedType>failedAsNotPassedAfterEndDate</failedType>
    </scoreCalculator>
  </rootNode>
  <version>3</version>
</org.olat.course.Structure>